company_name,tagline,review_rating,review_count,country,region,region_code,employees,rates,phone,logo_img_link
Materiell,Award Winning Design | Enterprise WP Development,4.9,6,,"Arlington,",VA,10 - 49,$100 - $149,703.243.9207,//static1.clutch.co/sites/default/files/styles/logo_small/public/logos/materiell-mark.png?itok=ePudiASf
Velocity Partners,World-leading Nearshore Software Development,4.7,4,,"Seattle,",WA,250 - 999,$25 - $49,425.454.2686,//static2.clutch.co/sites/default/files/styles/logo_small/public/logos/velocity_partners.png?itok=zi4Tcblo
Bright Interactive,"Software, applications and web development company",4.9,3,United Kingdom,"East Sussex,",,10 - 49,$100 - $149,+44 1273 923150,//static1.clutch.co/sites/default/files/styles/logo_small/public/logos/bi-ab-logo500.jpg?itok=8WUlVAp0
FlatStack,We bring great products to life.,5,2,,"New Orleans,",LA,50 - 249,$25 - $49,888.499.9352,//static2.clutch.co/sites/default/files/styles/logo_small/public/logos/flatstack_0.png?itok=IYELXuGy
Promet Source,Building better business with Drupal.,5,2,,"Chicago,",IL,10 - 49,$100 - $149,773.525.8255,//static1.clutch.co/sites/default/files/styles/logo_small/public/logos/promet_source_vertical.jpg?itok=uC-pZISr
Hudson Integrated Web Agency,Integrated Agency: Web. Mobile. Social. Search.,4.8,4,,"Saddle Brook,",NJ,10 - 49,$150 - $199,201.845.8700,//static1.clutch.co/sites/default/files/styles/logo_small/public/logos/icon-blue-gold_0.jpg?itok=0HBSEE6I
Perfectial,EMPOWER YOUR IDEAS,4.8,4,,"Wilmington,",DE,50 - 249,$25 - $49,800.274.6926,//static2.clutch.co/sites/default/files/styles/logo_small/public/logos/perfectial_square1.jpg?itok=ZGdjlIc9
Qulix Systems,software development and testing services,4.7,3,Belarus,"Minsk,",,50 - 249,$25 - $49,+375 17 306 3868,//static2.clutch.co/sites/default/files/styles/logo_small/public/logos/qulix_logo_250_px_3.jpg?itok=jPiR74tz
Vinsol,Transforming software dreams of brands & startups,4.5,3,India,"New Delhi,",,50 - 249,$25 - $49,91.11.4513.7031,//static1.clutch.co/sites/default/files/styles/logo_small/public/logos/vin_logo.png?itok=19g4Fdzj
Annertech,Annertech builds big websites for serious clients.,4.7,3,Ireland,"Dublin,",,10 - 49,$50 - $99,+35315240312,//static1.clutch.co/sites/default/files/styles/logo_small/public/logos/logo-annertech-a-clutch.png?itok=yflPszfA
philosophie,Usable | Beautiful | Meaningful,5,2,,"Venice,",CA,10 - 49,$100 - $149,310.314.0011,//static2.clutch.co/sites/default/files/styles/logo_small/public/logos/philosophie.png?itok=egrM7ZF6
Palantir.net,We Create Engaging Online Experiences,4.4,4,,"Chicago,",IL,10 - 49,,773.645.4100,//static2.clutch.co/sites/default/files/styles/logo_small/public/logos/palantir.png?itok=Ay5lXR8S
GP software.travel,Travel Technology company,5,1,Germany,"Munich,",,50 - 249,$25 - $49,49.89.416.1523.30,//static2.clutch.co/sites/default/files/styles/logo_small/public/logos/gp_bright.png?itok=w42gzJlo
Trigent,"Enterprise Product, Software &  Mobile Development",4.9,3,,"Boston,",MA,250 - 999,$25 - $49,877-387-4436,//static2.clutch.co/sites/default/files/styles/logo_small/public/logos/trigent.png?itok=ztwYecIs
InternetDevels,Drupal & Symfony,4.7,3,Ukraine,"Lutsk,",,50 - 249,$25 - $49,+38 099 183 13 85,//static2.clutch.co/sites/default/files/styles/logo_small/public/logos/internetdevels.png?itok=wv0sfMw4
Last Call Media,Digital Experiences for Web and Mobile,5,2,,"Northampton,",MA,10 - 49,$150 - $199,888-788-7177,//static1.clutch.co/sites/default/files/styles/logo_small/public/logos/logo-red_raster_web_0.png?itok=_PZQINkz
Pragmatic,Full-service WordPress Development,4.6,12,United Kingdom,"Brighton,",,10 - 49,$150 - $199,01273 613166,//static2.clutch.co/sites/default/files/styles/logo_small/public/logos/prag_tick_lg-01.png?itok=IHt-z-c-
End Point,Web development company specializing in ecommerce,4.8,2,,"New York,",NY,10 - 49,$150 - $199,212.929.6923,//static1.clutch.co/sites/default/files/styles/logo_small/public/logos/ep_logo.png?itok=zMjYAUeP
Delphic Digital,Serious Digital Chops.,5,3,,"Philadelphia,",PA,10 - 49,$100 - $149,215.508.1800,//static2.clutch.co/sites/default/files/styles/logo_small/public/logos/delphic-logo-horizontal-small.jpg?itok=k3caokG-
Binary Studio,Set up a Dedicated Development Team with us!,4.7,5,,"Berkeley, Oakland,",CA,10 - 49,$25 - $49,510.701.8572,//static1.clutch.co/sites/default/files/styles/logo_small/public/logos/binary_studio.jpeg?itok=L_3PpzAn
Activate Media,Activate a better digital experience.,4.3,5,United Kingdom,"London,",,10 - 49,$100 - $149,44 (0)208 810 1003,//static2.clutch.co/sites/default/files/styles/logo_small/public/logos/activate_media_0.jpeg?itok=LnVuhA6h
Portland Code School,Develop software that makes the world better,4.7,3,,"Portland,",OR,10 - 49,$100 - $149,,//static1.clutch.co/sites/default/files/styles/logo_small/public/logos/logo_color_0.png?itok=x86A_VZF
Empire Elements,Bespoke design and development services,5,3,United Kingdom,"Ash Vale,",,10 - 49,$50 - $99,44.01252.336.423,//static2.clutch.co/sites/default/files/styles/logo_small/public/logos/wuv6pskh.png?itok=8cdsPvS1
DockYard,We build web and mobile applications.,5,3,,"Boston,",MA,10 - 49,$200 - $300,,//static2.clutch.co/sites/default/files/styles/logo_small/public/logos/dockyard_image.jpeg?itok=JSpmjFvg
Celebrate Drupal,helping organizations realize their digital vision,4.8,2,,"Olympia,",WA,2 - 9,$50 - $99,360-339-5339,//static2.clutch.co/sites/default/files/styles/logo_small/public/logos/logo_pink.png?itok=6jyjNb4S
Sofmen,"Helping entrepreneurs, start-ups, and small biz.",4.8,2,,,,50 - 249,$25 - $49,,//static1.clutch.co/sites/default/files/styles/logo_small/public/logos/sofmen_icon.png?itok=kMuOuYVG
Neev Information Technologies,Technology as it happens,4.3,2,India,"Bangalore,",,50 - 249,$25 - $49,91.99.7287.9444,//static1.clutch.co/sites/default/files/styles/logo_small/public/logos/neevtech.jpeg?itok=uKxDgM36
XB Software,Outsourcing software development company,4.5,2,Belarus,"Minsk,",,50 - 249,,+375 17 200 03 40,//static2.clutch.co/sites/default/files/styles/logo_small/public/logos/xb-logo_100.png?itok=BTdeB3UJ
Geeks Chicago,Web design and development with Geeks Chicago,4.6,5,,"Schaumburg,",IL,10 - 49,$25 - $49,888-783-2442,//static1.clutch.co/sites/default/files/styles/logo_small/public/logos/geeks-chicago-logo-smallback.gif?itok=3AWkj-5p
Savvycom Software,Web and Mobile App Development Partner,4.9,4,Vietnam,"Hanoi,",,50 - 249,< $25,84.43202.9222,//static1.clutch.co/sites/default/files/styles/logo_small/public/logos/savvycom_logo_doc_0.jpeg?itok=0YDra2LZ
Revelry Labs,Coding Creativity,4.5,3,,"New Orleans,",LA,10 - 49,$150 - $199,(504) 535-5227,//static1.clutch.co/sites/default/files/styles/logo_small/public/logos/rev_logo.png?itok=cX4nQG3Z
Web Access,"If you can dream it, we can do it.",4.7,3,,"Wilton,",CT,10 - 49,$50 - $99,203.665.0057,//static2.clutch.co/sites/default/files/styles/logo_small/public/logos/wa-700.png?itok=o2YwXLsJ
IdeaWork Studios,the antidote to the  big agency experience,4.8,5,,"New York City,",NY,10 - 49,$200 - $300,212.792.0291,//static1.clutch.co/sites/default/files/styles/logo_small/public/logos/ideawork_logo.jpg?itok=IzYfkuAr
Mightybytes,Saving the planet with sustainable web design,4.7,4,,"Chicago,",IL,10 - 49,$150 - $199,773.561.7529,//static1.clutch.co/sites/default/files/styles/logo_small/public/logos/blue_mightbytes_logo_mark.jpg?itok=fCLmu2d7
Zfort Group,"IT Outsourcing: Web, Mobile, Development teams",5,3,Ukraine,"Kharkiv,",,50 - 249,$25 - $49,44.020.8144.5411,//static2.clutch.co/sites/default/files/styles/logo_small/public/logos/logo_40.png?itok=8o-JFjik
Imulus,We Architect the Digital Environment.,5,3,,"Boulder,",CO,10 - 49,$150 - $199,303.247.0550,//static2.clutch.co/sites/default/files/styles/logo_small/public/logos/imulus.jpg?itok=j_bIEK_5
doejo,"Simplify, design and develop your ideas for market",4.8,4,,"Chicago,",IL,10 - 49,$150 - $199,773.348.1227,//static1.clutch.co/sites/default/files/styles/logo_small/public/logos/doejo.png?itok=SQWbn6wy
HyperArts,A Full-Service Web Development Agency,5,1,,"Oakland,",CA,2 - 9,$100 - $149,510.339.6084,//static1.clutch.co/sites/default/files/styles/logo_small/public/logos/hyperarts-logo_sourcingline.gif?itok=YXd6phip
Milo Digital,Engage | Outshine | Streamline,5,2,,"Burbank,",CA,2 - 9,$150 - $199,,//static2.clutch.co/sites/default/files/styles/logo_small/public/logos/milo_color.png?itok=6i7jhH18
DCSL Software,Bespoke Software Development,5,3,United Kingdom,"Farnborough,",,10 - 49,$100 - $149,+4401252 235422,//static1.clutch.co/sites/default/files/styles/logo_small/public/logos/dcsl_software.png?itok=8zt6nZFd
Fiat Insight,Do it well,4.8,2,,"Potomac Falls,",VA,2 - 9,$100 - $149,703.475.5779,//static1.clutch.co/sites/default/files/styles/logo_small/public/logos/fiat-newlogo-square_copy.jpg?itok=VxGekpy5
Scarlett's Web,Website Design and Development Solutions,5,2,,"Gastonia,",NC,2 - 9,$100 - $149,704.861.2400,//static1.clutch.co/sites/default/files/styles/logo_small/public/logos/sweb-slashes_0.png?itok=YEW01UGO
Intridea,"Strategy, Design, and Development for Web Apps",4.8,2,,"Washington,",DC,10 - 49,$150 - $199,888-968-4332,//static1.clutch.co/sites/default/files/styles/logo_small/public/logos/intridea-brandmark-wire-fat_0.png?itok=JggpBM-G
Cynexis Media,Creative & Technical Brilliance In the Digital Age,4.9,5,,"Columbus,",OH,10 - 49,$50 - $99,614.763.5050,//static1.clutch.co/sites/default/files/styles/logo_small/public/logos/cynexis_copy.png?itok=6YaxzL1N
Svitla Systems,enLightening IT,4,1,,"San Francisco,",CA,50 - 249,,650.917.9544,//static2.clutch.co/sites/default/files/styles/logo_small/public/logos/svitla.jpg?itok=adbHqcYk
Surprise Highway,You should have hired us first,4.8,2,,"Chicago,",IL,10 - 49,$100 - $149,312.268.2030,//static2.clutch.co/sites/default/files/styles/logo_small/public/logos/hwy-logo.png?itok=iUuDinca
dook.pro,We use brains to transform your ideas into a code.,4.3,2,Poland,"Wrocław,",,10 - 49,$25 - $49,48500190517,//static1.clutch.co/sites/default/files/styles/logo_small/public/logos/tabliczka_kasztanowa.png?itok=lzIud1Xn
studio umbrella,web design & development,4.8,2,,"Los Angeles,",CA,2 - 9,$50 - $99,323-202-5988,//static1.clutch.co/sites/default/files/styles/logo_small/public/logos/logo_black.jpg?itok=umfmrcmi
Roundedcube,Web strategy. Experience. Technology.,4.5,2,,"St. Louis,",MO,10 - 49,$100 - $149,314.692.2823,//static1.clutch.co/sites/default/files/styles/logo_small/public/logos/rc-icon.png?itok=gpjZFuJz
HUEMOR,Let's Make Something Great,5,6,,"Farmingdale,",NY,10 - 49,$100 - $149,631.393.6116,//static1.clutch.co/sites/default/files/styles/logo_small/public/logos/huemor-logo-black.jpg?itok=zUnrsHir
SystemSeed,"Drupal development, training & support.",5,2,,"Charlotte,",NC,2 - 9,$100 - $149,888.427.5610,//static1.clutch.co/sites/default/files/styles/logo_small/public/logos/systemseed_logo_small.png?itok=oL9Y7BPB
10 Pound Gorilla,We Create Innovative Web Solutions,4.2,3,,"Golden,",CO,2 - 9,$100 - $149,970.726.5144,//static1.clutch.co/sites/default/files/styles/logo_small/public/logos/10_pound_gorilla.png?itok=uUKgXIzn
cre8,Building Lead Generation Focused Websites and Apps,4.7,3,,"Chicago,",IL,2 - 9,$50 - $99,312.315.3335,//static2.clutch.co/sites/default/files/styles/logo_small/public/logos/cre8.png?itok=Sm45CCKX
Dreambox Creations,Full Service Digital Agency,5,2,,"Diamond Bar,",CA,10 - 49,$100 - $149,909.396.1730,//static2.clutch.co/sites/default/files/styles/logo_small/public/logos/dreambox_logo_highres.jpg?itok=HE4q_mu_
Innovaxis Marketing,Marketing Consulting and Website Development,5,3,,"Chicago,",IL,10 - 49,,773.654.2421,//static1.clutch.co/sites/default/files/styles/logo_small/public/logos/30c005b.png?itok=rr46zCnF
Montana Banana Web Development,Building Mission-Critical Websites and Mobile Apps,4.8,5,,"Seattle,",WA,2 - 9,$100 - $149,206.686.3631,//static2.clutch.co/sites/default/files/styles/logo_small/public/logos/montana-banana-logo-with-text.png?itok=jH_sokeQ
CHRS Interactive,We Create Unique Wordpress Websites,5,3,,"Burbank,",CA,2 - 9,$50 - $99,818.568.4798,//static2.clutch.co/sites/default/files/styles/logo_small/public/logos/1779797_787429451271790_1165036708_a.jpg?itok=0KgJAG6m
Ratio Web,Web Development Cooperative from Poland,4.9,3,Poland,"Wroclaw,",,2 - 9,$25 - $49,48.517.767.207,//static1.clutch.co/sites/default/files/styles/logo_small/public/logos/ratioweb.png?itok=0EBd4nxc
Quartsoft,Magento eCommerce Development for B2C and B2B,4.9,3,Ukraine,"Donetsk ,",,50 - 249,$25 - $49,,//static2.clutch.co/sites/default/files/styles/logo_small/public/logos/qs_flat_logo.jpg?itok=1FwiCiNB
Planeteria,Marketing for Everyone,4.5,2,,"Santa Rosa,",CA,10 - 49,,707.843.3773,//static2.clutch.co/sites/default/files/styles/logo_small/public/logos/logo_36.jpg?itok=8kaWjpcD
SmartNet Solutions,More than just web design,5,2,,"New York,",NY,2 - 9,$100 - $149,646.669.7532,//static1.clutch.co/sites/default/files/styles/logo_small/public/logos/sns-web-design_logo.png?itok=H05djLJi
CactusSoft,Full-cycle custom software development,5,2,,"New York City,",NY,50 - 249,,312.450.2696,//static1.clutch.co/sites/default/files/styles/logo_small/public/logos/logo_33.jpg?itok=VnDHirCm
Origin Eight,Building original and compelling web experiences,4.7,3,,"Minneapolis,",MN,10 - 49,$100 - $149,612.276.5880,//static2.clutch.co/sites/default/files/styles/logo_small/public/logos/just_o8.png?itok=7h-9NoIi
Octal Info Solution,Technology Outsourcing Simplified,4.6,10,India,"Jaipur,",,50 - 249,< $25,91-141-2525810,//static2.clutch.co/sites/default/files/styles/logo_small/public/logos/300x200.png?itok=0_QHHQUw
Nicasio Design & Development,Custom WordPress Design and Development,4.6,5,,"Savannah ,",GA,2 - 9,$150 - $199,912.292.1716,//static1.clutch.co/sites/default/files/styles/logo_small/public/logos/screen_shot_2012-11-12_at_2.23.06_pm.png?itok=RcILFGjA
Coldfront Labs,Enterprise Web Applications,4.7,3,Canada,"Kanata,",,2 - 9,$100 - $149,866.507.8332,//static2.clutch.co/sites/default/files/styles/logo_small/public/logos/cf-logo-color.png?itok=afDNhFlH
Made Tech,Intuitive & Reliable Software,4.7,3,United Kingdom,"London,",,10 - 49,$100 - $149,44(0)203.397.7846,//static1.clutch.co/sites/default/files/styles/logo_small/public/logos/logo_8.gif?itok=FdbgYZe6
iKantam,We are good listeners,4.5,2,Belarus,"Minsk,",,10 - 49,$25 - $49,375.296.797.664,//static2.clutch.co/sites/default/files/styles/logo_small/public/logos/d7792cc239ef62a85509e94b21caef9c_0.png?itok=zJ9i2DCd
TimeForCake,Making Websites Better | Making Better Websites,5,6,,"Frisco,",CO,2 - 9,$100 - $149,970.668.0709,//static1.clutch.co/sites/default/files/styles/logo_small/public/logos/timeforcake_logo.jpg?itok=y-LmSDnn
Atomic Motion,Design & Conquer,5,1,Canada,"Ottawa,",,10 - 49,$100 - $149,(613) 748-7655,//static2.clutch.co/sites/default/files/styles/logo_small/public/logos/am.jpg?itok=oBsur1IM
Magic Logix,Digital Marketing Solutions,4,4,,"Carrollton,",TX,10 - 49,$100 - $149,214.694.2162,//static1.clutch.co/sites/default/files/styles/logo_small/public/logos/magiclogix-logo.png?itok=2OAyJ3Pe
DRC Infotech,Perfection Implemented,4.5,1,India,"Surat,",,50 - 249,< $25,91.99.09.990897,//static2.clutch.co/sites/default/files/styles/logo_small/public/logos/small.png?itok=T9StjhB8
MPC Studios,Building Better Websites Since 1998,4.9,5,,"McAllen,",TX,2 - 9,$150 - $199,956.423.2233,//static2.clutch.co/sites/default/files/styles/logo_small/public/logos/mpcstudioslogo.jpg?itok=XfRLw2eL
Falcon-Software,Integrating Strategy with Design & Technology,5,1,,"Seattle,",WA,10 - 49,$150 - $199,206.673.4626,//static1.clutch.co/sites/default/files/styles/logo_small/public/logos/falcon-software-logo-500x200.png?itok=oILfPHFQ
Olibro Design,Intelligent Websites for Intelligent People,4.9,3,,"Los Angeles,",CA,2 - 9,$50 - $99,310.707.1844,//static1.clutch.co/sites/default/files/styles/logo_small/public/logos/logo_41.jpg?itok=bPJ2CQB5
Aha Consulting,Government Websites Made Easy,5,2,,"Lake Oswego,",OR,2 - 9,$100 - $149,503.675.5121,//static1.clutch.co/sites/default/files/styles/logo_small/public/logos/pnglogo1.png?itok=6iVNssAt
JV Media Design,"High quality, custom web and graphic design.",5,5,,"Roseburg,",OR,2 - 9,$100 - $149,541.677.7440,//static2.clutch.co/sites/default/files/styles/logo_small/public/logos/jvm2.jpg?itok=zGxgpu2S
Station Four,Building online experiences people love to use,4.8,2,,"Jacksonville,",FL,10 - 49,$100 - $149,904-399-3219,//static1.clutch.co/sites/default/files/styles/logo_small/public/logos/s4.jpeg?itok=qkeOpRHE
Inpsyde,Europe's largest WordPress Agency,4.5,2,Germany,"Bergisch-Gladbach,",,10 - 49,$100 - $149,49.211.9954.5911,//static1.clutch.co/sites/default/files/styles/logo_small/public/logos/inpsyde_logo.png?itok=Cmv5uvEg
Merixstudio,Webdesign agency from Poland.,4.8,12,Poland,"Poznań,",,10 - 49,$25 - $49,48.61.835.9471,//static2.clutch.co/sites/default/files/styles/logo_small/public/logos/merixstudio_logo.png?itok=_JeYUy-E
Zivtech,Illuminating Technology,4.9,4,,"Philadelphia,",PA,10 - 49,$150 - $199,2159222692,//static2.clutch.co/sites/default/files/styles/logo_small/public/logos/zivtech-logo_0.jpg?itok=GCQnxMpK
Dot Com Infoway,Professional IT Outsourcing Company,5,8,India,"Chennai,",,50 - 249,< $25,91.44.4262.0000,//static1.clutch.co/sites/default/files/styles/logo_small/public/logos/n8832585350_7464_0.jpg?itok=hdKrTiLS
Four Kitchens,Big ideas for the web,5,3,,"Austin,",TX,10 - 49,$150 - $199,877.726.4210,//static2.clutch.co/sites/default/files/styles/logo_small/public/logos/4k-circle.png?itok=YeJNhF2m
Urban Insight,Drupal web development by trusted experts.,5,3,,"Los Angeles,",CA,10 - 49,$100 - $149,877-872-6150,//static2.clutch.co/sites/default/files/styles/logo_small/public/logos/_ui-color-vert.jpg?itok=FEEbmtgd
Visuality,Open Your Mind.,5,8,Poland,"Warsaw,",,10 - 49,$50 - $99,4822.307.1205,//static2.clutch.co/sites/default/files/styles/logo_small/public/logos/logo-visuality-poziom.png?itok=tVa8T8b1
Caktus Group,We Grow Sharp Web Apps,5,3,,"Durham,",NC,10 - 49,$100 - $149,919.951.0052,//static2.clutch.co/sites/default/files/styles/logo_small/public/logos/caktus-logo.png?itok=0CSsw72S
Hashrocket,Expertly Crafted Web,5,3,,"Chicago,",IL,10 - 49,$150 - $199,312.436.0000,//static1.clutch.co/sites/default/files/styles/logo_small/public/logos/hashrocket.jpg?itok=aB2_4dGZ
ImageX,Building a Smarter Web,5,2,Canada,"Burnaby,",,10 - 49,$100 - $149,778-785-1547,//static1.clutch.co/sites/default/files/styles/logo_small/public/logos/ixm-vertical-over-bright-300x262.png?itok=223_jFhn
Bluespark,Building amazing digital experiences.,4.9,3,,"Raleigh,",NC,10 - 49,$150 - $199,919.234.7576,//static1.clutch.co/sites/default/files/styles/logo_small/public/logos/bsp-logo-sqare-lt-blue-onblack_0.png?itok=CABFIhie
Arke,Marketing Technology Consultancy,4.7,3,,"Atlanta,",GA,50 - 249,$150 - $199,404.812.3123,//static2.clutch.co/sites/default/files/styles/logo_small/public/logos/arke_web-244-01.png?itok=977InbQf
netguru,We love to build Ruby on Rails based apps!,4.8,4,Poland,"Poznan,",,50 - 249,$50 - $99,48.884.382.983,//static1.clutch.co/sites/default/files/styles/logo_small/public/logos/netguru_logo_scalable.png?itok=OF3WOVs4
The Berndt Group,Always Thinking.,4.5,2,,"Baltimore,",MD,10 - 49,,410.889.5854,//static2.clutch.co/sites/default/files/styles/logo_small/public/logos/tbg_logo.gif?itok=luoYOBai
Quick Left,We craft outstanding web and mobile applications.,4.7,3,,"Boulder,",CO,10 - 49,$150 - $199,303.242.5536,//static1.clutch.co/sites/default/files/styles/logo_small/public/logos/quickleft_rgb_000000.png?itok=CxbwYcAy
"JSC ""Arcadia Inc.""",Outsourcing software development,4.9,3,Russia,"Saint-Petersburg,",,250 - 999,$25 - $49,+7 812 610 5955,//static1.clutch.co/sites/default/files/styles/logo_small/public/logos/arcadia_logo-03-800x600.jpg?itok=FbPsNK60
Swiss Commerce,App Development & Performance Marketing,5,1,,"Great Neck,",NY,50 - 249,$100 - $149,5163680201,//static2.clutch.co/sites/default/files/styles/logo_small/public/logos/swiss.jpg?itok=EaE1OZqT
Drupal Connect,"Drupal Connect, Drupal and so much more.",4.7,4,,"New York,",NY,10 - 49,$100 - $149,646-684-3871,//static1.clutch.co/sites/default/files/styles/logo_small/public/logos/dc-logo-square.png?itok=H5OMQyN0
SteadyRain,"Internet Strategy, Design & Development",4.7,6,,"St. Louis,",MO,10 - 49,$100 - $149,314.446.0733,//static1.clutch.co/sites/default/files/styles/logo_small/public/logos/sr-logo_full.png?itok=DKuEh2gl
Taoti Creative,High-end Drupal Web Design,5,2,,"Washington,",DC,10 - 49,$100 - $149,202-546-8946,//static1.clutch.co/sites/default/files/styles/logo_small/public/logos/taoti_logo_for_twitter_-_265px_square.png?itok=_KSAWfjc
Idyllic Software,We Think Like Us,5,3,,"Boulder,",CO,50 - 249,$50 - $99,303-408-3671,//static1.clutch.co/sites/default/files/styles/logo_small/public/logos/idyllic-logo.jpg?itok=XalePRFh
Divio AG,Django & Python technology-driven creative company,4.8,4,Switzerland,"Zurich,",,10 - 49,$150 - $199,+41444801270,//static1.clutch.co/sites/default/files/styles/logo_small/public/logos/logo-divio-s.png?itok=B5n-N86Q
MojoTech,We build software that grows businesses.,5,2,,"Providence,",RI,10 - 49,$150 - $199,855.665.6832,//static2.clutch.co/sites/default/files/styles/logo_small/public/logos/mojotech_marker_2.0_0.png?itok=bW1vJFkX
Duo Consulting,Your opportunities. Our talent. One team.,5,3,,"Chicago,",IL,10 - 49,$100 - $149,312.529.3000,//static1.clutch.co/sites/default/files/styles/logo_small/public/logos/duo_logo_blue_411x173.png?itok=YnaLPdcc
Bop Design,B2B Website Design & Content Marketing,4.8,4,,,,2 - 9,,,//static2.clutch.co/sites/default/files/styles/logo_small/public/logos/bop_logo_2014.jpg?itok=Pee6BA8y
Mobomo,Smart Apps for Smart Phones,4.7,5,,"Washington,",DC,10 - 49,$200 - $300,202.550.5982,//static2.clutch.co/sites/default/files/styles/logo_small/public/logos/mobomo.png?itok=JkolJj52
Orbit Media Studios,Friendly People with lots of Experience.,4.7,3,,"Chicago,",IL,10 - 49,$150 - $199,773.348.4581,//static2.clutch.co/sites/default/files/styles/logo_small/public/logos/orbmed.jpg?itok=wVymK_Hd
New Bamboo,The UK's Leading Ruby on Rails Development Agency,4.8,2,United Kingdom,"London,",,10 - 49,$50 - $99,44(0)207.099.7486,//static1.clutch.co/sites/default/files/styles/logo_small/public/logos/new_bamboo.png?itok=6I0s1R4j
R2integrated,Redefining the digital marketing agency,5,3,,"Baltimore,",MD,50 - 249,$150 - $199,410.327.2007,//static2.clutch.co/sites/default/files/styles/logo_small/public/logos/r2i_logo_mark_rgb.png?itok=-hrxIJ_2
Xibis,Custom Web & Mobile Application Development,5,1,United Kingdom,"Oadby, Leicester,",,10 - 49,$150 - $199,0116.272.9990,//static2.clutch.co/sites/default/files/styles/logo_small/public/logos/xibis_logo_blu_180px_wide_no_text.jpg?itok=Sk7NYVOf
ISS Art,Custom software development,5,5,Russia,"Omsk,",,50 - 249,$25 - $49,7.38.1290.9808,//static1.clutch.co/sites/default/files/styles/logo_small/public/logos/logo_iss_en_vertical_block-01.png?itok=3MUn8-Nz
ENDERTECH,Design Complete Solutions.,5,2,,"Torrance,",CA,10 - 49,$100 - $149,310.400.0800,//static2.clutch.co/sites/default/files/styles/logo_small/public/logos/endertech.png?itok=ZNKKl8Lp
Asahi Technologies,Scalable web applications to drive business growth,5,1,,"New York,",NY,10 - 49,$50 - $99,212-717-1812,//static2.clutch.co/sites/default/files/styles/logo_small/public/logos/logo_800_0.jpg?itok=MKK5SPXN
Prograils,Our business develops your business.,5,2,Poland,"Poznan,",,10 - 49,$50 - $99,48.608310149,//static1.clutch.co/sites/default/files/styles/logo_small/public/logos/prograils_200_150.png?itok=kYQ9Acrg
Inclind,Enjoyable outcomes,5,3,,"Georgetown,",DE,10 - 49,$100 - $149,302.856.2802,//static2.clutch.co/sites/default/files/styles/logo_small/public/logos/inclind-logo-sq-em_0.jpg?itok=lcUHOLzD
DevMynd Software,Software designed for people.,4.5,2,,"Chicago,",IL,10 - 49,$150 - $199,773.492.0209,//static2.clutch.co/sites/default/files/styles/logo_small/public/logos/logo-glyph-only_0.png?itok=VTo7ReVh
Modern Signal,Shining a Light on Web Development,5,3,,"Baltimore,",MD,10 - 49,$100 - $149,202-365-7367,//static2.clutch.co/sites/default/files/styles/logo_small/public/logos/modern_signal_logo_vertical.png?itok=kJq1ZKbx
Exygy,Software for the World's Leading Changemakers,4.2,3,,"San Francisco,",CA,10 - 49,$200 - $300,415.992.7251,//static1.clutch.co/sites/default/files/styles/logo_small/public/logos/exygy-logo-350x315.png?itok=LRy901aE
iterate,Dublin-based Web Agency,4.9,3,Ireland,"Dublin,",,10 - 49,$50 - $99,+353 1 524 1346,//static2.clutch.co/sites/default/files/styles/logo_small/public/logos/iterate.png?itok=Y-Qph9Dw
VeriQual,Leading software developer for start up companies,5,2,United Kingdom,"Reading,",,10 - 49,$25 - $49,44(20)3290.3443,//static2.clutch.co/sites/default/files/styles/logo_small/public/logos/vq_logo_1.jpg?itok=iyU-OCbf
Envision Creative Group,Building Living Brands,5,2,,"Austin,",TX,10 - 49,$150 - $199,512.292.1049,//static1.clutch.co/sites/default/files/styles/logo_small/public/logos/envision2.jpg?itok=jw6cUiOa
Level Level - WordPress agency Rotterdam,Specialized WordPress Design & Development,4.8,4,Netherlands,"Rotterdam,",,10 - 49,$100 - $149,31(0)10.842.9259,//static2.clutch.co/sites/default/files/styles/logo_small/public/logos/level_level.png?itok=TJtTmnSi
42 Coffee Cups,Your solution to web and mobile development,4.8,2,,"Atlanta,",GA,10 - 49,$50 - $99,,//static2.clutch.co/sites/default/files/styles/logo_small/public/logos/42cc_logo.png?itok=h6Q_nmzM
Rozdoum,Professional Software Development House,5,2,Ukraine,,,10 - 49,$25 - $49,+1 315 707 7517,//static1.clutch.co/sites/default/files/styles/logo_small/public/logos/logo_2_2_1.png?itok=MxEO69N4
Pieoneers,Smart Solutions for Web & Mobile,4.5,2,Canada,"Vancouver,",,10 - 49,$100 - $149,604.710.2407,//static1.clutch.co/sites/default/files/styles/logo_small/public/logos/pieoneers.png?itok=0zOI-AVZ
Buildrr LLC,Build a Better Website Customized to Your Business,4.8,4,,"Baldwinsville,",NY,10 - 49,$50 - $99,(315) 352-0474,//static1.clutch.co/sites/default/files/styles/logo_small/public/logos/clutch-logo.png?itok=KJ6RYiEt
Netlandish,100% Satisfaction Guaranteed,5,3,,"Los Angeles,",CA,2 - 9,$100 - $149,562-318-0100,//static2.clutch.co/sites/default/files/styles/logo_small/public/logos/screen_shot_2014-07-08_at_6.55.02_am.png?itok=xRSRZ1Xp
AltexSoft,An innovative software R&D company,4.8,7,Ukraine,"Kharkiv,",,50 - 249,$25 - $49,917.310.0922,//static1.clutch.co/sites/default/files/styles/logo_small/public/logos/logo_main.png?itok=pgSHaVe8
Vizir,Software Studio,5,1,Brazil,"Sao Paulo,",,10 - 49,$25 - $49,55 (11) 3105-1897,//static2.clutch.co/sites/default/files/styles/logo_small/public/logos/logo_134.png?itok=71troUwe
UpTop,UpTop - Where Your Business Belongs,4.9,3,,"Seattle,",WA,10 - 49,,,//static1.clutch.co/sites/default/files/styles/logo_small/public/logos/uptop_tagline_color_rgb_167px.png?itok=vN_GzTcf
LaunchPad Lab,We Build Apps That Grow Businesses,4.9,3,,"Chicago,",IL,2 - 9,$150 - $199,773.270.1033,//static1.clutch.co/sites/default/files/styles/logo_small/public/logos/lpl_logo_vertical_nobackground.png?itok=ZPRlj0xc
Breakthrough Technologies,Comprehensive Web and Mobile Solutions,5,1,,"Evanston,",IL,50 - 249,$150 - $199,847.864.0033,//static1.clutch.co/sites/default/files/styles/logo_small/public/logos/bt-logo.jpg?itok=rYN9n5ya
Shimshock Group,Strategic Partners in Growing Your Business,4.7,3,,"Austin,",TX,10 - 49,$100 - $149,512.994.0110,//static1.clutch.co/sites/default/files/styles/logo_small/public/logos/sg-logo-300x277.png?itok=_ja6Sqyi
nonlinear digital,Data-driven websites and marketing platforms,5,1,Canada,"Toronto,",,50 - 249,$150 - $199,416.203.2997,//static2.clutch.co/sites/default/files/styles/logo_small/public/logos/corporate-primary.png?itok=WS6epvap
Smashing Ideas,We create the most engaging digital experiences.,5,1,,"Seattle,",WA,50 - 249,$150 - $199,206.378.0100,//static2.clutch.co/sites/default/files/styles/logo_small/public/logos/si_logo_2014.png?itok=3gGeHkaX
BrainJocks,Technology Strategy & Solutions,4.5,2,,"Kennesaw,",GA,10 - 49,$150 - $199,770.924.6444,//static2.clutch.co/sites/default/files/styles/logo_small/public/logos/brainjocks_logo.jpg?itok=SFGgWIcl
Westwerk,Building brand awareness & increasing sales,5,1,,"Minneapolis,",MN,10 - 49,$100 - $149,612.353.5349,//static2.clutch.co/sites/default/files/styles/logo_small/public/logos/ww-logonew_400x400.jpg?itok=L3HCdwq9
UruIT,Nearshore outsourcing services from South America,4.5,2,,"Miami,",FL,50 - 249,$50 - $99,786.664.4965,//static2.clutch.co/sites/default/files/styles/logo_small/public/logos/logo_uruit_black_cuadrado_small.png?itok=FNXwFQPf
Ivory Digital,"eCommerce, Web Design, and Web Development NYC",4.9,3,,"New York,",NY,10 - 49,$150 - $199,347.927.1057,//static1.clutch.co/sites/default/files/styles/logo_small/public/logos/id-logo_ivorydigital.png?itok=SOCm4_HR
Vardot,Drupal Web Solutions,4.3,2,Jordan,"Amman,",,10 - 49,$50 - $99,962.6.581.7612,//static1.clutch.co/sites/default/files/styles/logo_small/public/logos/logo_97.png?itok=Z03yFFAo
Lemberg Solutions,Mobile and Web Development Company,4.9,9,United Kingdom,"London,",,50 - 249,$50 - $99,44.20.7193.4928,//static1.clutch.co/sites/default/files/styles/logo_small/public/logos/logo_26.png?itok=ZcAbRsIo
State Creative,We create multi-platform experiences on & offline,5,2,,"Oakland,",CA,2 - 9,$150 - $199,510.842.3826,//static1.clutch.co/sites/default/files/styles/logo_small/public/logos/icon_sc.png?itok=XnIJ9otg
Human Made,Global WordPress development agency,5,3,United Kingdom,"Derbyshire,",,10 - 49,$150 - $199,44.1629.628082,//static2.clutch.co/sites/default/files/styles/logo_small/public/logos/humanmade.png?itok=Uv4x9yUE
Django Stars,World-class web & mobile apps development,4.8,7,Ukraine,"Kiev,",,10 - 49,$50 - $99,+380919281752,//static2.clutch.co/sites/default/files/styles/logo_small/public/logos/django_stars.jpg?itok=e7ekO_zS
Wholegrain Digital,WordPress design & development agency in London,4.5,7,United Kingdom,"London,",,10 - 49,$100 - $149,44.0207.112.8240,//static2.clutch.co/sites/default/files/styles/logo_small/public/logos/logo-advert-large.png?itok=oRMmSW9U
Lunar Logic,We make your product come true.,5,5,Poland,"Krakow,",,10 - 49,$50 - $99,+48 12 430 22 88,//static2.clutch.co/sites/default/files/styles/logo_small/public/logos/logo-lunar-horizontal-black-blue.png?itok=Kf_JC353
Cocomore AG,Business Success in the Digital Age,4.3,2,Germany,"Frankfurt am Main,",,50 - 249,$50 - $99,+49(0)69 / 972.69.0,//static2.clutch.co/sites/default/files/styles/logo_small/public/logos/cocomore_ag.png?itok=O5G-2Ylz
Isovera,Drupal Solutions for Smart Organizations,4.5,3,,"Waltham,",MA,10 - 49,$100 - $149,781-547-8435,//static2.clutch.co/sites/default/files/styles/logo_small/public/logos/basecamp-logo.jpg?itok=XIRJFVfq
Digital Echidna,Essential services to harmonize your digital world,4.8,2,Canada,"London,",,10 - 49,$100 - $149,519-858-9604,//static2.clutch.co/sites/default/files/styles/logo_small/public/logos/echidna-3x3in-72dpi.jpg?itok=LA6ZeOg-
Dolphin Micro,Startup development and custom web/mobile apps,4.5,4,,"Louisville,",CO,10 - 49,$100 - $149,(888) 589-2194,//static1.clutch.co/sites/default/files/styles/logo_small/public/logos/social_media_logo.jpeg?itok=7juFxErC
Meticulosity,Ecommerce Design Experts,4.8,6,,"Saratoga Springs,",NY,10 - 49,$100 - $149,518.488.4578,//static2.clutch.co/sites/default/files/styles/logo_small/public/logos/meticulosity_logo.png?itok=FsUmYbAh
Horizontal Integration,"Digital Marketing, Technology & Strategic Staffing",5,2,,"Hopkins,",MN,50 - 249,$100 - $149,612.392.7580,//static2.clutch.co/sites/default/files/styles/logo_small/public/logos/hi_logo.gif?itok=0AN5qCFy
vEmployee,Hire a dedicated team,5,2,India,"Pune,",,250 - 999,$25 - $49,800.902.6361,//static2.clutch.co/sites/default/files/styles/logo_small/public/logos/vemployee.jpg?itok=BsnzZock
EDUCO Web Design,A Web Design Company that Draws out your Potential,4.9,7,,"Oak Park ,",IL,2 - 9,$150 - $199,708-613-0386,//static2.clutch.co/sites/default/files/styles/logo_small/public/logos/logo_29.jpg?itok=OM8HVdD5
Cygnet Infotech,IT is about you,4.8,4,India,"Ahmedabad,",,250 - 999,< $25,91.79.3048.7400,//static1.clutch.co/sites/default/files/styles/logo_small/public/logos/cygnet_infotech.png?itok=F8VZVhzZ
Elevated Third,We Make Digital Work,5,3,,"Denver ,",CO,10 - 49,$100 - $149,303.436.9113,//static2.clutch.co/sites/default/files/styles/logo_small/public/logos/e3_blue_square_logo_1.jpg?itok=h-wAnpbQ
Future Processing,Great software… because we put People first,5,1,Poland,"Gliwice,",,250 - 999,,48.32.461.2300,//static2.clutch.co/sites/default/files/styles/logo_small/public/logos/logo_fp_13.png?itok=i4RXkAgh
Alley Interactive,More Then Technology Experts,4.5,2,,"New York,",NY,10 - 49,$150 - $199,212.804.6623,//static1.clutch.co/sites/default/files/styles/logo_small/public/logos/alley_interactive.png?itok=sBEbj4SW
ENGAGENCY,Give them what they want.℠,4.8,8,,"Austin,",TX,10 - 49,$150 - $199,888.303.7332,//static2.clutch.co/sites/default/files/styles/logo_small/public/logos/engagency_1.jpg?itok=t0Ss-Wrs
"Fuse IQ, Inc.",Better Web | Better World,5,2,,"Seattle,",WA,2 - 9,$100 - $149,206.788.4484,//static1.clutch.co/sites/default/files/styles/logo_small/public/logos/fuse_iq_logo_lg-no-address488x195.jpg?itok=6xntnMin
IDEGO GROUP,Delivering software. Making things great.,5,2,Poland,"Gdynia,",,10 - 49,$50 - $99,+48 501 029 448,//static2.clutch.co/sites/default/files/styles/logo_small/public/logos/idego-logo-pli.png?itok=xHwib2eu
Moove Agency,Innovative WordPress Agency,5,2,United Kingdom,"London,",,2 - 9,$150 - $199,44.0203.372.5696,//static1.clutch.co/sites/default/files/styles/logo_small/public/logos/moove_agency.png?itok=QYUrxdKm
ArtDriver,WordPress development & SEO company,4.5,2,,"Washington,",DC,2 - 9,$50 - $99,202.657.6030,//static1.clutch.co/sites/default/files/styles/logo_small/public/logos/artdriver-logo.png?itok=mtSVQOQ3
Trust Sourcing,Software and Web Development Company,4.9,3,Ukraine,"Kiev,",,50 - 249,$50 - $99,+38 050 265 71 60,//static1.clutch.co/sites/default/files/styles/logo_small/public/logos/ts_logo_1.png?itok=xPiB283u
Plethora Design,Drupal firm based in Virginia / Washington D.C.,5,2,,"Sterling,",VA,2 - 9,$100 - $149,877.515.6682,//static1.clutch.co/sites/default/files/styles/logo_small/public/logos/plethora-icon-large.jpg?itok=edycR4Mw
BubbleUp,Digital Media Solutions,5,2,,"The Woodlands,",TX,10 - 49,$150 - $199,832.585.0709,//static1.clutch.co/sites/default/files/styles/logo_small/public/logos/bubbleup_interactive_3d_small.jpg?itok=xHNRxWgQ
Microserve,The Drupal Experts,4,2,United Kingdom,"Bristol,",,10 - 49,$50 - $99,0117 214 0554,//static1.clutch.co/sites/default/files/styles/logo_small/public/logos/mlogo_0.png?itok=w3xFTvJe
"Resonetrics, LLC",Better Tools for Building Brands,5,5,,"Sandy Hook,",CT,2 - 9,$50 - $99,203.300.4361,//static1.clutch.co/sites/default/files/styles/logo_small/public/logos/resonetricslogo.png?itok=K2TtdeGP
GoingClear Interactive,Clarity. Build. Launch.,4.6,5,,"Boston,",MA,10 - 49,$100 - $149,617.649.7200,//static1.clutch.co/sites/default/files/styles/logo_small/public/logos/goingclear-interactive_0.png?itok=-9TeuqBz
Miritec,"Dedicated team, Estimated time, Fixed Price",4.8,5,Ukraine,"Kiev,",,50 - 249,,+1-516-321-1711,//static2.clutch.co/sites/default/files/styles/logo_small/public/logos/miritec.png?itok=bEEaM7kM
New Local Media,Design. Build. Sustain.,4.7,3,,"Sioux Center,",IA,2 - 9,$50 - $99,(712) 449-8195,//static1.clutch.co/sites/default/files/styles/logo_small/public/logos/round_949x884-transp-bg.gif?itok=GfjB-86b
TheOne,TheOne is a Serbian IT outsourcing company,5,1,Serbia,"Belgrade,",,10 - 49,$25 - $49,381.6244.8293,//static2.clutch.co/sites/default/files/styles/logo_small/public/logos/theone-software_development.jpg?itok=XVIgx_Ju
Spigot Design,Creative Design & Content Strategy,5,1,,"Park City,",UT,2 - 9,$50 - $99,435.729.9284,//static2.clutch.co/sites/default/files/styles/logo_small/public/logos/spigot-horiz-full-300.png?itok=vqqZw87_
QArea,Custom Software Development Solutions,4.7,4,,"Berkeley,",CA,50 - 249,$25 - $49,310-388-9334,//static2.clutch.co/sites/default/files/styles/logo_small/public/logos/logo_qarea_0.jpg?itok=IJfE1LV3
Toschas Labs,Enthusiasts on Rails,4.9,3,Serbia,"Belgrade,",,10 - 49,$25 - $49,+381114072164,//static1.clutch.co/sites/default/files/styles/logo_small/public/logos/toschaslabs-avatar.png?itok=yhX2OUe5
Allshore Virtual Staffing,Never Pay for Unproductive Work,5,6,,"Norman,",OK,50 - 249,< $25,405.310.8489,//static1.clutch.co/sites/default/files/styles/logo_small/public/logos/allshores_logo_200x150.png?itok=kNYqzwkD
Softway Solutions Inc.,"Seamless Mobile, Website and Multimedia Solutions",4.5,2,,"Houston,",TX,50 - 249,$50 - $99,281.914.4381,//static2.clutch.co/sites/default/files/styles/logo_small/public/logos/softway_logo_nw11.jpg?itok=XpaUU66G
CloutSoft Technologies,"Creative, effective and professional websites",5,3,India,"Mohali,",,10 - 49,$25 - $49,91.172.4602219,//static2.clutch.co/sites/default/files/styles/logo_small/public/logos/cst_logo.jpg?itok=naiLI85F
TheeDesign Studio,"it's not luck, it's marketing",4.8,2,,"Raleigh,",NC,10 - 49,,,//static1.clutch.co/sites/default/files/styles/logo_small/public/logos/tds_-_logo_icon_-_1000x1000_-_url_bottom.jpg?itok=IRFNYGPG
GBK Soft,Business Efficiency Worldwide,4.7,3,Ukraine,"Kyiv,",,10 - 49,$25 - $49,+38-063-365-8872,//static1.clutch.co/sites/default/files/styles/logo_small/public/logos/logo_g.png?itok=dobnIYun
Knoxville Internet,Web Development Authority,4.5,2,,"Knoxville,",TN,10 - 49,$50 - $99,865.588.2465,//static2.clutch.co/sites/default/files/styles/logo_small/public/logos/knox-internet-logo.png?itok=9usYcwL5
Syon Infomedia Pvt. Ltd.,We Think We Create,5,1,India,"Jaipur,",,50 - 249,$50 - $99,+919982011116,//static2.clutch.co/sites/default/files/styles/logo_small/public/logos/logo-syon_0.png?itok=s7gl4rPC
Tekton Labs,Providing value in each step of the process,4.9,8,Mexico,"Mexico City,",,50 - 249,$25 - $49,55.4164.8528,//static1.clutch.co/sites/default/files/styles/logo_small/public/logos/tekton_logo.gif?itok=ADBvMFQk
Redstage,Developing Great Experiences,5,3,,"Hoboken,",NJ,10 - 49,$150 - $199,888.335.2747,//static1.clutch.co/sites/default/files/styles/logo_small/public/logos/redstage.jpeg?itok=dMJQ6zk9
Eldarion,From Idea to Launch. Faster.,4.8,2,,"Burlington,",MA,2 - 9,$150 - $199,,//static1.clutch.co/sites/default/files/styles/logo_small/public/logos/eldarion.png?itok=xs5IxhQL
EIGHT25MEDIA,Helping your business succeed one click at a time,5,4,,"Fremont,",CA,10 - 49,$100 - $149,408.728.9555,//static1.clutch.co/sites/default/files/styles/logo_small/public/logos/logo_new-1.png?itok=r437a0r1
Softweb Solutions,"Enterprise Solutions, for mobile & web",5,3,,"Elgin,",IL,10 - 49,$100 - $149,866.345.7638,//static2.clutch.co/sites/default/files/styles/logo_small/public/logos/softweb_logo_sourcingline.jpg?itok=hwb49Mbn
Gennovacap Technology,Web development and mobile app development.,4.8,2,,"Austin,",TX,2 - 9,$100 - $149,512.640.2475,//static1.clutch.co/sites/default/files/styles/logo_small/public/logos/logo-250x250.png?itok=LvWV_P9Q
Beyond,Beyond is an Experience Design Agency.,4.5,2,,"San Francisco,",CA,50 - 249,$200 - $300,415.374.2874,//static1.clutch.co/sites/default/files/styles/logo_small/public/logos/beyond-logo_0.png?itok=eychl08N
Agnian,Solutions that look good and work hard,4.3,2,United Kingdom,"London,",,10 - 49,$100 - $149,+44 207 099 7571,//static2.clutch.co/sites/default/files/styles/logo_small/public/logos/agnian-logo-small.png?itok=d-W2jM6y
Cygnis Media,Apps Development For A Social World,4.4,3,,"Pleasanton,",CA,10 - 49,,800.583.8716,//static2.clutch.co/sites/default/files/styles/logo_small/public/logos/logo_3.png?itok=YGkyWheY
Wojo Design,We Work Tirelessly to Help You Dominate Online,5,2,,"Chicago,",IL,2 - 9,$100 - $149,312.685.1542,//static1.clutch.co/sites/default/files/styles/logo_small/public/logos/google-plus-logo.jpg?itok=w3JerdNJ
10Clouds,High Quality App Development,4.7,3,Poland,"Warsaw,",,50 - 249,,+48 505 29 35 69,//static2.clutch.co/sites/default/files/styles/logo_small/public/logos/10clouds_logo_01_2014_500_horizontal_black.png?itok=Uw4MY51B
"Xcite Media Group, LLC",STAY AHEAD. Strategy & Planning,5,3,,"Denver,",CO,10 - 49,$150 - $199,720-288-0539,//static2.clutch.co/sites/default/files/styles/logo_small/public/logos/xcite.jpg?itok=Kr_MkwNh
Program-Ace,Open space for innovations,4.8,4,Ukraine,"Kharkiv,",,50 - 249,$25 - $49,"+3805771221 80,  +13475353543",//static1.clutch.co/sites/default/files/styles/logo_small/public/logos/logo_program-ace-small_0.png?itok=d887Ae7j
Achieve Internet,Launch with confidence,4.5,1,,"San Diego ,",CA,10 - 49,$100 - $149,800.618.8777,//static2.clutch.co/sites/default/files/styles/logo_small/public/logos/achieve_mark_copy.jpg?itok=tXOBRZXV
Drupal Partners,We Love Drupal Development and Drupal Design!,5,2,,"Atlanta,",GA,10 - 49,$50 - $99,(404) 788-6332,//static1.clutch.co/sites/default/files/styles/logo_small/public/logos/dp_logo.png?itok=lkNgELTQ
Forge and Smith,Crafted Websites for Intelligent Businesses,5,2,Canada,"New Westminster,",,10 - 49,$100 - $149,778-397-0984,//static1.clutch.co/sites/default/files/styles/logo_small/public/logos/fslogo.png?itok=yoeKgHY-
Cabot Technology Solutions,Mobile and Web app Development,4.9,6,India,"Kochi  ,",,50 - 249,$25 - $49,91 484 404 5555,//static1.clutch.co/sites/default/files/styles/logo_small/public/logos/cabot_technology.png?itok=cyIScUPm
devartis,We craft web applications for great businesses,5,1,Argentina,"Buenos Aires,",,10 - 49,$25 - $49,+54 11 4856-7112,//static2.clutch.co/sites/default/files/styles/logo_small/public/logos/logo_35.png?itok=rpT_T7kr
MAXBURST,"Web Design, Development and Internet Marketing",4.8,4,,"Farmingdale,",NY,10 - 49,$100 - $149,631.293.9100,//static2.clutch.co/sites/default/files/styles/logo_small/public/logos/logo-maxburst.png?itok=5v7NIYFu
Magora Systems,"Web, Mobile and Software Development",4.5,3,Russia,"Novosibirsk,",,50 - 249,$25 - $49,+1 650-590-0404,//static2.clutch.co/sites/default/files/styles/logo_small/public/logos/google_plus_userpic_2_0.jpg?itok=iuVkNniq
Williams Web Solutions,Serving Your Needs...Not Ours,5,1,,"Kingsville,",TX,2 - 9,$50 - $99,361.455.6471,//static2.clutch.co/sites/default/files/styles/logo_small/public/logos/wws_logo4.jpg?itok=kHkWJQkc
Custom Software Lab,Custom Software & Web Development Company,5,2,,"Oklahoma City,",OK,10 - 49,$100 - $149,888.278.8125,//static1.clutch.co/sites/default/files/styles/logo_small/public/csl_logo.gif?itok=8Y1CsoWj
Aware Web Solutions,It's Your Web.,4.5,2,,"Minneapolis,",MN,10 - 49,$150 - $199,800.783.8919,//static2.clutch.co/sites/default/files/styles/logo_small/public/logos/aware_logo.png?itok=rV2wiQ2H
Elemental Consulting,Amazing web and mobile application development.,5,1,,"San Antonio,",TX,2 - 9,$50 - $99,210.775.6012,//static2.clutch.co/sites/default/files/styles/logo_small/public/logos/element.png?itok=SYocZF7E
Consagous,Grow Together,4.4,3,India,"Indore,",,50 - 249,< $25,91.731.654.9991,//static1.clutch.co/sites/default/files/styles/logo_small/public/logos/logo_consagous.png?itok=B8Zb7nXY
Yeti,We Build Legendary Experiences,4.4,3,,"San Francisco,",CA,2 - 9,$150 - $199,415.766.4198,//static1.clutch.co/sites/default/files/styles/logo_small/public/logos/yeti-circle-blue-ko.png?itok=ST3CHVbZ
ARKA Softwares and Outsourcing,"Web and mobile app development,Offshore devlopment",5,3,India,"Jaipur,",,10 - 49,< $25,+91-141-2973087,//static1.clutch.co/sites/default/files/styles/logo_small/public/logos/logo_125.png?itok=EczLYwTc
Designzillas,We help brands think big.,4.9,3,,"Orlando,",FL,10 - 49,,407.637.2833,//static1.clutch.co/sites/default/files/styles/logo_small/public/logos/designzillas.png?itok=nDC04Dsp
IT CRAFT,Outsourced Web and Mobile Development,5,1,Germany,"Magdeburg,",,50 - 249,$25 - $49,+49-176-241-15-6,//static2.clutch.co/sites/default/files/styles/logo_small/public/logos/bezymyannyy.png?itok=LH-WL99h
Fahrenheit Marketing,Websites Designed for Success,5,2,,"Austin,",TX,10 - 49,$100 - $149,512.206.4220,//static2.clutch.co/sites/default/files/styles/logo_small/public/logos/fah_0.jpg?itok=r7Vp4Xz6
Infront Webworks,"Delivering web strategy, design, and SEO.",5,2,,"Colorado Springs,",CO,10 - 49,$100 - $149,719.577.4404x116,//static2.clutch.co/sites/default/files/styles/logo_small/public/logos/large-infront-icon_0.png?itok=r97na4Hc
NetgainsAmerica,Netgains America your premier IT services Company,4.8,4,,"New York,",NY,10 - 49,$50 - $99,914.268.0011,//static2.clutch.co/sites/default/files/styles/logo_small/public/logos/nga_logo_2_0.jpg?itok=ys0104hf
Old City Press,"Washington, DC based custom web design firm",5,5,,"Alexandria,",VA,2 - 9,$50 - $99,571.858.5940,//static2.clutch.co/sites/default/files/styles/logo_small/public/logos/ocp_logo.png?itok=Ex2NM3pq
Fishermen Labs,We equip brands to unlock purpose driven changes,5,3,,"Los Angeles,",CA,10 - 49,$150 - $199,240.271.7374,//static1.clutch.co/sites/default/files/styles/logo_small/public/logos/fishermenlabs.jpg?itok=VE6Q8oa8
Six Figure Design,The High Desert's Leader in Cutting-Edge Design,4.7,3,,"Victorville,",CA,2 - 9,$50 - $99,760.881.4332,//static2.clutch.co/sites/default/files/styles/logo_small/public/logos/web2.0logo.jpg?itok=LcHiRDm4
Los Angeles Web Design,Professional Website Design and Internet Marketing,4.9,3,,"Los Angeles,",CA,10 - 49,,323.737.7177,//static1.clutch.co/sites/default/files/styles/logo_small/public/logos/logosmall.jpg?itok=iXswfflE
Tanzanite Infotech,Mobile Apps Development Company,4.9,6,India,"Noida,",,10 - 49,$25 - $49,120.410.9045,//static1.clutch.co/sites/default/files/styles/logo_small/public/logos/logo_31.jpg?itok=80dHhAXD
8ninths,A different kind of agency,4.5,1,,"Seattle,",WA,2 - 9,$150 - $199,206.234.5222,//static2.clutch.co/sites/default/files/styles/logo_small/public/logos/8ninths_logovector_black.png?itok=j1tjGVfq
GLIDE,Results Driven Web Marketing,5,1,,"Austin,",TX,2 - 9,$100 - $149,512.215.4236,//static2.clutch.co/sites/default/files/styles/logo_small/public/logos/glide-logo-small.jpg?itok=DMxa4DOE
digiTech Web Design,Award Winning Web Design and Internet Marketing,4.9,3,,"Austin,",TX,2 - 9,$150 - $199,512.653.3003,//static2.clutch.co/sites/default/files/styles/logo_small/public/logos/logo.signature.jpg?itok=vydIXMAf
C42 Engineering,Expert Ruby and Rails Solutions.,4,1,India,"Bangalore,",,2 - 9,$50 - $99,+91 80 42042671,//static1.clutch.co/sites/default/files/styles/logo_small/public/logos/logo_300dpi.png?itok=KE8Vz-zD
Sideways8 Interactive,Tell your story in the digital marketplace.,5,3,,"Atlanta,",GA,2 - 9,$100 - $149,678.500.9901,//static2.clutch.co/sites/default/files/styles/logo_small/public/logos/logo_bg.png?itok=D3zrl6Kf
Coding Staff,Great Sofrware Happens Here,5,1,,"Reno,",NV,10 - 49,$25 - $49,775.657.5902,//static1.clutch.co/sites/default/files/styles/logo_small/public/coding_staff_logo1.png?itok=3sU9R-bj
Big Couch Media Group,"To us, business is personal",5,2,,"Palm Springs,",FL,10 - 49,$50 - $99,561.733.1200,//static2.clutch.co/sites/default/files/styles/logo_small/public/logos/bcm_logo_2_pillow_80x32.jpg?itok=pS9ZxKDr
Mindinventory Technologies,Web and mobile app development company,5,2,India,"Ahmedabad,",,50 - 249,< $25,91.963.844.4580,//static1.clutch.co/sites/default/files/styles/logo_small/public/logos/sample_logo2.png?itok=fNnAtAM2
WebSight Design,"Creativity, dependability, value for over 19 years",5,2,,"Sausalito,",CA,10 - 49,$100 - $149,415.331.8697,//static2.clutch.co/sites/default/files/styles/logo_small/public/logos/wsd.png?itok=KezIVwjO
Intetics,Remote In-Sourcing Company,5,2,,"Wilmette,",IL,250 - 999,$25 - $49,312.625.5669,//static2.clutch.co/sites/default/files/styles/logo_small/public/logos/intetics_logo_small.jpg?itok=qZyvW6Zj
ACAP,Strategic Partner in Enterprise Software Solutions,4.8,5,,"Fort Lauderdale,",FL,10 - 49,$50 - $99,954.376.7672,//static2.clutch.co/sites/default/files/styles/logo_small/public/logos/top_acap_logo.gif?itok=OUy59Yad
CognitiveClouds,Not just another app developer...,5,3,,"Fremont,",CA,10 - 49,$25 - $49,415.215.9082,//static1.clutch.co/sites/default/files/styles/logo_small/public/logos/linkedinlogo.png?itok=awHfVcm3
1webdev,Company of qualified and independent developers,5,2,Ukraine,"Zaporizhzhya,",,10 - 49,$25 - $49,380 67 2791717,//static2.clutch.co/sites/default/files/styles/logo_small/public/logos/logo_115.png?itok=-UvEyBBw
Spry Digital,Nimble web solutions.,4.8,2,,"St. Louis,",MO,10 - 49,$100 - $149,314-514-5577,//static1.clutch.co/sites/default/files/styles/logo_small/public/logos/spry_logo_h_trans.png?itok=nmxMVPw1
Xplode Marketing,"Web design, development and mobile applications.",5,2,,"Sarasota,",FL,2 - 9,,941.585.0009,//static1.clutch.co/sites/default/files/styles/logo_small/public/logos/xp.png?itok=7d5mxsfS
CTI Digital,Marketing • Design • Development,4,1,United Kingdom,"Manchester,",,50 - 249,$100 - $149,+44 (0) 845 620 0014,//static2.clutch.co/sites/default/files/styles/logo_small/public/logos/cti_digital_logo.png?itok=HJxP8hwY
Architect,"Digital strategy, design & development",4.8,2,,"San Francisco,",CA,10 - 49,,415.318.4389,//static2.clutch.co/sites/default/files/styles/logo_small/public/logos/architect_logo_neon_220x220.png?itok=Nxuj4G1k
Oshyn,Powering Innovation,4.7,3,,"Long Beach,",CA,10 - 49,$100 - $149,888.483.1770,//static1.clutch.co/sites/default/files/styles/logo_small/public/logos/oshynlogo_sourcingline.png?itok=vAx3JIzu
Code Enterprise,Reaching your web targets with high performance,4.8,2,Pakistan,"Islamabad,",,10 - 49,< $25,+92-51-4862649,//static1.clutch.co/sites/default/files/styles/logo_small/public/logos/210x210.png?itok=5M4LN-lt
The Software House,Expert web and mobile development team for you,4.8,2,Poland,"Gliwice,",,10 - 49,$25 - $49,+48 793 142 320,//static2.clutch.co/sites/default/files/styles/logo_small/public/logos/logo_tsh_kolor.jpg?itok=WGPjbukM
Global Infonet,Intelligence | Solutions | Results,5,1,,"Jacksonville,",FL,10 - 49,,904.724.8880,//static1.clutch.co/sites/default/files/styles/logo_small/public/logos/global_infonet_logo.jpeg?itok=mSsPLv-x
Neologix Software Solutions,exploring new logics,5,3,India,"Trivandrum,",,50 - 249,< $25,9.14.7140.14760,//static1.clutch.co/sites/default/files/styles/logo_small/public/logos/logoblack100px.jpg?itok=tZpuM7XX
Brimit,"Sitecore Partner, web dev and outsourcing company",5,1,Belarus,"Minsk,",,10 - 49,$25 - $49,375.29.603.5883,//static1.clutch.co/sites/default/files/styles/logo_small/public/logos/brimit_logotransparent100_1.png?itok=KQ8sCT7Q
VisionFriendly.com,Web Engineering,5,2,,"Naperville,",IL,10 - 49,,630-553-0000,//static2.clutch.co/sites/default/files/styles/logo_small/public/logos/vf.jpg?itok=wbeJCoeL
Inflectica Technologies,"Quality, Performance, Consistency",5,2,India,"Noida,",,50 - 249,$25 - $49,+91-9871933666,//static2.clutch.co/sites/default/files/styles/logo_small/public/logos/inflectica-logo.png?itok=wJbucJ8T
Dorey Design Group,Creating technology solutions for over 10 years,4.8,2,,"Portland,",OR,2 - 9,$100 - $149,503.914.6495,//static1.clutch.co/sites/default/files/styles/logo_small/public/logos/doreydesigngroup.jpeg?itok=Ntu3KIXj
Noble Studios,Noble Studios is a full-service digital agency,4,1,,"Reno,",NV,10 - 49,$150 - $199,775.883.6000,//static1.clutch.co/sites/default/files/styles/logo_small/public/logos/2012_noblestudios_logo.jpg?itok=8bksDBmx
Agnitio Systems,Feel the Excellence,4.3,2,India,"Coimbatore,",,10 - 49,$50 - $99,0422 4359988,//static2.clutch.co/sites/default/files/styles/logo_small/public/logos/100x100.png?itok=iFch6Y9k
Brown Owl Creative,Branding. Design. Development,5,2,United Kingdom,,,2 - 9,$100 - $149,+44 0800 999 6164,//static1.clutch.co/sites/default/files/styles/logo_small/public/logos/logo_94.png?itok=IKcCTRrd
StatenWeb,We live and breathe web technology,5,2,,"Staten Island,",NY,2 - 9,$50 - $99,718.569.8123,//static1.clutch.co/sites/default/files/styles/logo_small/public/logos/statenweb-logo.jpg?itok=zzNm1PGM
New Haircut,Ideas deserve a good fight.,4.6,5,,"Asbury Park,",NJ,10 - 49,$100 - $149,732.228.8262,//static2.clutch.co/sites/default/files/styles/logo_small/public/logos/100x100_0.png?itok=8kL7wzhR
Digiteum,Consultancy. Mobile Apps. Advanced Web Solutions.,5,1,United Kingdom,"Daventry,",,50 - 249,$25 - $49,+447412540371,//static1.clutch.co/sites/default/files/styles/logo_small/public/logos/digiteum_logo_cmyk_red.png?itok=jRWc3fls
Lerentech Solutions,"Website Development, SEO & eMarketing",5,2,,"Syracuse,",NY,2 - 9,$50 - $99,315.876.9607,//static1.clutch.co/sites/default/files/styles/logo_small/public/logos/lerentech_logo_website_small.png?itok=gIFUlO-C
Technogi,We Keep IT simple for you.,4.7,4,Mexico,"Mexico City,",,10 - 49,$50 - $99,+52 55 5980 2999,//static2.clutch.co/sites/default/files/styles/logo_small/public/logos/technogi_-_300dpi_-_clutch-2.png?itok=kMgfc-xt
Sinew Solutions,"An advanced mobile, web and ecommerce company",5,1,,"Charlotte ,",NC,10 - 49,$100 - $149,704.550.2836,//static1.clutch.co/sites/default/files/styles/logo_small/public/logos/sinewlogo2014289286twocolor_200.png?itok=5BTEY4M1
Racoons Group,Mobile and Web development,5,1,Russia,"Kazan,",,10 - 49,$25 - $49,+79196857947,//static1.clutch.co/sites/default/files/styles/logo_small/public/logos/_dg_bbsemko_1.jpg?itok=BSHcd-yr
8bitstudio,We Design Robust Interactive Ideas,5,3,,"Hutchinson,",MN,2 - 9,$100 - $149,612.208.8248,//static2.clutch.co/sites/default/files/styles/logo_small/public/logos/profile-icon.png?itok=5shyq4G0
Elite Infoworld,Web Design & Mobile Apps Development Company,5,1,India,"Ahmedabad,",,10 - 49,< $25,+91-79-40050401,//static1.clutch.co/sites/default/files/styles/logo_small/public/logos/elite-logo.jpg?itok=4cUDBPQo
Commercial Progression,The Drupal Website Design Experts,4.5,2,,"Northville,",MI,2 - 9,$100 - $149,734.393.4696,//static1.clutch.co/sites/default/files/styles/logo_small/public/logos/cp_logo_rgb.jpg?itok=1RMzh5M8
Enuke Software,Adding dimension to your business,4.7,3,,"Phoenix,",AZ,50 - 249,< $25,415.800.3072,//static1.clutch.co/sites/default/files/styles/logo_small/public/logos/enuke_logo.jpg?itok=3WLmo7Im
kohactive,We build web and mobile products,4.7,3,,"Chicago,",IL,2 - 9,$100 - $149,312.970.9491,//static2.clutch.co/sites/default/files/styles/logo_small/public/logos/kohactive-logo-single-black.png?itok=X3qslmbQ
Peerbits Solution Pvt Ltd,"Delivering Excellence, Righteously",4.7,5,India,"Ahmedabad,",,50 - 249,< $25,91 79 40034577,//static2.clutch.co/sites/default/files/styles/logo_small/public/logos/icon_big.jpg?itok=tah9a8Hk
RNF Technologies,You Desire. We Deliver.,5,1,,"New York,",NY,50 - 249,$25 - $49,347.514.9908,//static1.clutch.co/sites/default/files/styles/logo_small/public/logos/rnf_logo-_wikipedia.jpg?itok=JMZcAR6J
The Design People,Web Design and Web Development Experts,4.5,2,,"El Segundo,",CA,50 - 249,$50 - $99,800.850.7707,//static2.clutch.co/sites/default/files/styles/logo_small/public/logos/designpeople.jpg?itok=oMAZdQWg
WebTek,Succeed Online,5,3,,"Ephrata,",PA,10 - 49,$50 - $99,717.859.3250,//static1.clutch.co/sites/default/files/styles/logo_small/public/logos/logo-square-90x90.jpg?itok=AVxnt9jn
FreezePro Software,Nearshore Software Development Company,4.9,3,Ukraine,"Lviv,",,10 - 49,$25 - $49,+44 (020) 34755205,//static1.clutch.co/sites/default/files/styles/logo_small/public/logos/fps_logo.png?itok=ZD4IIoTX
3five,WordPress and Shopify Experts,4.8,4,,"Minneapolis,",MN,2 - 9,$100 - $149,800.942.3520,//static2.clutch.co/sites/default/files/styles/logo_small/public/logos/3five_logo_0.png?itok=qD5hLAI4
IQRIA,Delivering smart web-applications. On time.,5,3,,"San Diego,",CA,10 - 49,$50 - $99,858.777.0002,//static2.clutch.co/sites/default/files/styles/logo_small/public/logos/iqria.png?itok=3Lnw7KLM
PugetWorks Inc.,"Web, Mobile, and Mapping Applications",4.8,2,,"Seattle,",WA,2 - 9,$100 - $149,206.905.8568,//static1.clutch.co/sites/default/files/styles/logo_small/public/logos/pw-logo-square-2.png?itok=xD3OCmy-
Accesto,We make IT simple for you!,4.8,2,Poland,"Wrocław,",,10 - 49,$25 - $49,+48 606 733 820,//static1.clutch.co/sites/default/files/styles/logo_small/public/logos/accesto_fav_0.png?itok=fJFl14wJ
TinyFrog Technologies,WordPress Web Design & Development,4.8,2,,"San Diego,",CA,2 - 9,,888.282.7818,//static1.clutch.co/sites/default/files/styles/logo_small/public/logos/tf_logo.png?itok=GutSm_dh
Spark Solutions,Ruby on Rails & Spree Commerce Developers,5,2,Poland,"Warsaw,",,2 - 9,$25 - $49,+48607144001,//static1.clutch.co/sites/default/files/styles/logo_small/public/logos/logo-ss-tr-221x100_1.png?itok=j7N78Rel
Vinova,MAKE IDEAS REALITY,4,2,Singapore,"Singapore,",,10 - 49,$25 - $49,+65 67073597,//static1.clutch.co/sites/default/files/styles/logo_small/public/logos/vinova_logo_final.png?itok=ZIXaU1Wn
KnackForge Soft Solutions Pvt Ltd,Pushing the limits,4,1,India,"Chennai,",,10 - 49,< $25,04460504450,//static1.clutch.co/sites/default/files/styles/logo_small/public/logos/kflogo200x150px.png?itok=JM-SYowC
Diaspark Inc.,Mobile Application Development Services,4.2,3,,"Edison,",NJ,250 - 999,$100 - $149,732-248-8333,//static1.clutch.co/sites/default/files/styles/logo_small/public/logos/diaspark_logo.png?itok=tTDelE7x
Revolution Media Group,Connecting Brands to their Audiences,5,3,,"San Francisco,",CA,2 - 9,$50 - $99,925.804.6677,//static2.clutch.co/sites/default/files/styles/logo_small/public/logos/revolution-logo.png?itok=lcARRDAm
FORGE MEDIA + DESIGN,Advancing User Experience and Audience Engagement,,,Canada,"Toronto,",,10 - 49,$100 - $149,416.533.3674,//static1.clutch.co/sites/default/files/styles/logo_small/public/logos/forge_logo_squareonly_green_2014_sm.png?itok=X3yPW_3B
Ambition Insight,Entrepreneurial Development,5,1,,"Fort Lauderdale,",FL,2 - 9,$100 - $149,203.233.1686,//static2.clutch.co/sites/default/files/styles/logo_small/public/logos/ambition_insight.png?itok=G4o7-t2q
NewGenApps,"Stay a step ahead, always",4.5,1,India,"Lucknow,",,50 - 249,$25 - $49,91.522.408.0333,//static1.clutch.co/sites/default/files/styles/logo_small/public/logos/nga_500.png?itok=yH9KhnVW
Spring Web Solutions,Great websites that work!,4.5,2,Australia,"Perth,",,2 - 9,$50 - $99,+61 8 6180 4310,//static1.clutch.co/sites/default/files/styles/logo_small/public/logos/spring-web-logo-transparent.gif?itok=9QO-7Gav
MaxSoft,MaxSoft - software solutions for your business,5,1,Bulgaria,"Sofia,",,10 - 49,< $25,,//static2.clutch.co/sites/default/files/styles/logo_small/public/logos/logo_6.gif?itok=tg9FmZLf
Alliance Computing Inc.,Working Together To Build Your Success,4.7,3,,"Orlando,",FL,2 - 9,$25 - $49,585.672.5536,//static2.clutch.co/sites/default/files/styles/logo_small/public/logos/minireturnlabel.jpg?itok=fV_lZTWG
Indigo Image,Your Creative Partner,5,2,,"Lincolnshire,",IL,Freelancer,$100 - $149,847.697.8679,//static2.clutch.co/sites/default/files/styles/logo_small/public/logos/logogif.gif?itok=DixOov5r
Design-First,"Expert website design, ecommerce and SEO services",4.5,2,,"Duluth,",GA,2 - 9,$50 - $99,678.969.0448,//static2.clutch.co/sites/default/files/styles/logo_small/public/logos/design-first-affordable.jpg?itok=l_XU6LmX
Comrade Web Agency,Revolutionize It!,5,1,,"Chicago,",IL,10 - 49,$50 - $99,312.265.0580,//static2.clutch.co/sites/default/files/styles/logo_small/public/logos/logo_small.jpg?itok=CF8YWYkl
AgilityFeat,We specialize in building web/mobile applications,5,2,,,,10 - 49,$50 - $99,,//static2.clutch.co/sites/default/files/styles/logo_small/public/logos/logo-color-02.png?itok=97b1n8OC
StarNet Solutions,100% custom and elite - branding + websites + more,4.8,4,,"Long Beach,",CA,Freelancer,$50 - $99,323.463.0359,//static2.clutch.co/sites/default/files/styles/logo_small/public/logos/snslogow.png?itok=JGypDBsq
Clap Creative,"Web Design, Web Development and Internet Marketing",5,2,,"Thousand Oaks, Los Angeles,",CA,2 - 9,$50 - $99,323 863 2896,//static2.clutch.co/sites/default/files/styles/logo_small/public/logos/logo-black.png?itok=CSVyeCkh
Insite Creative,Let's create something amazing!,5,2,,"Lindenhurst,",NY,2 - 9,$50 - $99,631-595-5529,//static2.clutch.co/sites/default/files/styles/logo_small/public/logos/insite-creative-icon2.png?itok=UavZaesm
Carr Graphics,Web & Graphics Design,5,1,,"West Covina,",CA,Freelancer,,626.869.7401,//static2.clutch.co/sites/default/files/styles/logo_small/public/logos/carrgraphics_493bbb38a2d7e076029029cb8fee9b55.jpg?itok=g--G0ssu
BIX Labs,Agile app development,4.5,2,Uruguay,"Montevideo,",,10 - 49,$25 - $49,+140-4461-949,//static2.clutch.co/sites/default/files/styles/logo_small/public/logos/logobix.jpg?itok=ASQgCjNw
SayOne Technologies,#ChangeTheWorld,4.9,3,India,"Kochi,",,10 - 49,$25 - $49,+91484 403 7171,//static2.clutch.co/sites/default/files/styles/logo_small/public/logos/logo_104.png?itok=SIYcVz_4
KNS Technologies,Cloud and Mobile Apps provider,5,1,,"Chantilly,",VA,10 - 49,$25 - $49,571.442.6688,//static1.clutch.co/sites/default/files/styles/logo_small/public/logos/logo-3.png?itok=Ev5c0oyQ
Ape Unit GmbH,We create digital innovation. By instinct.,4.5,1,Germany,"Berlin,",,2 - 9,$100 - $149,+49 (0) 30 306 490 10,//static1.clutch.co/sites/default/files/styles/logo_small/public/logos/logo-700x500.jpg?itok=LHvRLmP8
Infoshore Software Private Limited,Digitalizing Business Worldwide,4.9,4,India,"Jaiipur,",,50 - 249,< $25,91.930.908.8490,//static2.clutch.co/sites/default/files/styles/logo_small/public/logos/infoshore-180.png?itok=labv0r89
Team Tweaks Technologies,You Think...We Deliver,4,1,India,"Chennai,",,10 - 49,< $25,9894110087,//static1.clutch.co/sites/default/files/styles/logo_small/public/logos/teamtweaks_logo_new1_0.jpg?itok=aFVtxBRv
Huge Impact,Digital marketers who think big!,5,1,Canada,"Toronto,",,10 - 49,$150 - $199,1.800.235.1640,//static2.clutch.co/sites/default/files/styles/logo_small/public/logos/apple-touch-icon-114x114.png?itok=7J4QKmC0
Jason Safir Interactive,Fueled by a love of people and language,5,3,,"Los Angeles,",CA,Freelancer,$100 - $149,646.373.4839,
Quovantis Technologies,We Build Beautiful Products,4,1,India,"New Delhi ,",,50 - 249,$25 - $49,011.4508.2101,//static2.clutch.co/sites/default/files/styles/logo_small/public/logos/quovantislogo_1.png?itok=9QMVeEWU
NthDimenzion Solutions,The Future Today,4.4,5,India,"Bangalore,",,10 - 49,$25 - $49,91.80.42135006/07,//static2.clutch.co/sites/default/files/styles/logo_small/public/logos/nth.png?itok=RKbRwQPP
Think Tank Designs,The Reliable Web Designers,5,3,,"Chino Hills,",CA,2 - 9,$100 - $149,909.393.6363,//static2.clutch.co/sites/default/files/styles/logo_small/public/logos/sourcingline-logo_0.jpg?itok=_k1lYpyf
Macronimous Web Solutions,Enterprise Internet Solutions,5,1,India,"Coimbatore,",,50 - 249,,91.994.424.9039,//static2.clutch.co/sites/default/files/styles/logo_small/public/logos/logo_for-gmail.jpg?itok=nbbgtSRD
Fairhead Creative,Websites & Branding for people just like you.,5,1,,"Clearwater,",FL,Freelancer,$50 - $99,352.400.9787,//static2.clutch.co/sites/default/files/styles/logo_small/public/logos/logo_0.jpg?itok=Z3s6CH-H
Digitalforce,Turning Search into Sales,4.3,2,India,"Noida,",,50 - 249,< $25,0120-6540400,//static1.clutch.co/sites/default/files/styles/logo_small/public/logos/10569075_902337856447512_387834594444544290_n_0.jpg?itok=GBZnUak4
Brian's Web Design,Web Design Temecula,5,6,,"Temecula,",CA,Freelancer,$50 - $99,951.970.6213,//static2.clutch.co/sites/default/files/styles/logo_small/public/logos/b.jpg?itok=-_8bLQDX
CI Web Design Inc.,"Award Winning Web Design, Development and SEO",5,4,,"Dearborn Heights,",MI,2 - 9,$100 - $149,313.724.0925,//static1.clutch.co/sites/default/files/styles/logo_small/public/logos/ci_0.png?itok=Gj-RGJ0C
Entity Creative,Big Agency Experience without the Big Agency Costs,4.5,2,,"Shawnee Mission,",KS,2 - 9,$50 - $99,913.230.2242,//static2.clutch.co/sites/default/files/styles/logo_small/public/logos/png.png?itok=ZYpLiIvy
AddWeb Solution,"We will Grow, only if our Clients are Happy!!",5,1,India,"Ahmedabad,",,10 - 49,< $25,9033177471,//static2.clutch.co/sites/default/files/styles/logo_small/public/logos/addweblogo.jpg?itok=de00c1YN
FULLeSTOP,delivering promises.,4.6,6,India,"Rajasthan,",,50 - 249,$50 - $99,91.141.404.5221,//static2.clutch.co/sites/default/files/styles/logo_small/public/logos/fullestop.jpg?itok=odjqCT7m
Nice Work Done,Web Design and development,5,2,Serbia,"Novi Sad,",,2 - 9,$50 - $99,381656363352,//static1.clutch.co/sites/default/files/styles/logo_small/public/logos/nwd-logo-02.png?itok=sn-mJxSZ
Engage Software,Enterprise Level Web and Mobile Development,5,3,,"St. Louis,",MO,10 - 49,$100 - $149,314.884.2448,//static2.clutch.co/sites/default/files/styles/logo_small/public/logos/engage_software.png?itok=P64BsIy1
Xminds Infotech,We understand IT best,5,1,India,"Trivandrum,",,50 - 249,< $25,91.471.216.5663,//static2.clutch.co/sites/default/files/styles/logo_small/public/logos/xminds_logo.png?itok=MAsBBPgx
NIX Solutions,Eastern Europe IT,3,2,Ukraine,"Kharkiv,",,50 - 249,$25 - $49,,//static1.clutch.co/sites/default/files/styles/logo_small/public/logos/nix.png?itok=VUnTrn61
Startechup Inc.,SOFTWARE DEVELOPMENT - WEB AGENCY - PHILIPPINES,4.5,2,Philippines,"Cebu City,",,2 - 9,$25 - $49,,//static2.clutch.co/sites/default/files/styles/logo_small/public/logos/logo-startechup-round.png?itok=FLaRTyjQ
Allerin Tech,Ruby on Rails Development and Outsourcing Company,4.5,1,India,"Mumbai,",,50 - 249,,+91 22 61846184,//static1.clutch.co/sites/default/files/styles/logo_small/public/logos/allerin-logo_0.png?itok=Eu18LYi3
Pop Media Pro,Think out of the box......,2,1,,"Jamesburg,",NJ,10 - 49,,347.414.9839,//static1.clutch.co/sites/default/files/styles/logo_small/public/logos/screen_shot_2012-01-17_at_1.28.49_pm.png?itok=EqSuXxtE
Square63,Top Notch Ruby on Rails Development,4,1,Pakistan,"Lahore,",,10 - 49,$25 - $49,,//static2.clutch.co/sites/default/files/styles/logo_small/public/logos/final-logo.png?itok=UpbtrX2Y
GROOGR,mobile app and games development agency,2,1,Canada,"Maniwaki (Quebec),,",,50 - 249,$25 - $49,855.616.9515,//static2.clutch.co/sites/default/files/styles/logo_small/public/logos/groogr_logo_contact.png?itok=S0ln5psS
All Digital,"PHP, Magento, Drupal, Symfony, Web Development",5,1,Poland,"Krakow,",,50 - 249,$25 - $49,,//static2.clutch.co/sites/default/files/styles/logo_small/public/logos/2_0.png?itok=eH7X1bxI
Raison Online,We build WooCommerce businesses,5,3,United Kingdom,"Brighton & Hove,",,2 - 9,$100 - $149,,//static2.clutch.co/sites/default/files/styles/logo_small/public/logos/thumbnailgoogle.jpg?itok=i59Pd3eH
WDG | Web Development Group,We Build Exceptional Digital Products,,,,"Alexandria,",VA,10 - 49,$100 - $149,703.652.8438,//static2.clutch.co/sites/default/files/styles/logo_small/public/logos/wdg.png?itok=xkpGizXZ
Tivix,We develop custom web and mobile applications.,,,,"San Francisco,",CA,10 - 49,,415.680.1299,//static1.clutch.co/sites/default/files/styles/logo_small/public/logos/tivixlogo.color143x59.png?itok=KBpgOLl9
Vuzum,We get stuff done.,,,Spain,"Galicia ,",,10 - 49,$50 - $99,34.666.173.149,//static2.clutch.co/sites/default/files/styles/logo_small/public/logos/logo_alb.png?itok=_VflO3EW
Advomatic,Great Websites For Good Causes,,,,"New York,",NY,10 - 49,$150 - $199,212-812-4180,//static1.clutch.co/sites/default/files/styles/logo_small/public/logos/globey_red_300px_300dpi.png?itok=28mry5YS
Tryolabs,Intelligent Internet Apps,,,,,,10 - 49,$50 - $99,,//static1.clutch.co/sites/default/files/styles/logo_small/public/logos/logo_121.png?itok=_nT5cPeg
Opinya,Ruby on Rails and AngularJS Consulting Agency,5,2,Israel,"Kfar Saba,",,2 - 9,$50 - $99,972.9768.4825,//static1.clutch.co/sites/default/files/styles/logo_small/public/logos/opinya1.jpg?itok=eAt33tnv
Chilid Agency,Hi-end Web Design & Front-end Development,5,1,Poland,"Gliwice,",,10 - 49,$25 - $49,+48 (32) 73 909 43,//static2.clutch.co/sites/default/files/styles/logo_small/public/logos/zrzut_ekranu_2015-08-03_o_23.46.43.png?itok=NsD1ji3b
DevelopEX,IT consulting and staffing company,,,Ukraine,"Kyiv,",,50 - 249,$25 - $49,38(044)221.78.12,//static1.clutch.co/sites/default/files/styles/logo_small/public/logos/logo_440x440.png?itok=4w4PAJzr
Svitla Systems Inc.,Dedicated developers or teams for your IT products,,,,"San Francisco,",CA,50 - 249,$25 - $49,650.917.9544,//static2.clutch.co/sites/default/files/styles/logo_small/public/logos/logogo_0.jpg?itok=V-23oTBH
"Neuron Global, Inc.",Augmenting your in-house development capabilities,,,,"New York,",NY,10 - 49,$25 - $49,800.311.0532,//static1.clutch.co/sites/default/files/styles/logo_small/public/logos/ng_logo_-_no_tag_-_compressed.jpg?itok=Rl1Ah-Br
Weblineindia,"Web, Mobile and Software Development Company India",,,India,"Ahmedabad,",,50 - 249,< $25,91.79.2642.0897,//static2.clutch.co/sites/default/files/styles/logo_small/public/logos/weblineindia-newlogo.png?itok=eIsbnnQr
Magento Design Studio,Custom Magento Design Services,,,,"Rosemount,",MN,50 - 249,,651.344.6002,//static1.clutch.co/sites/default/files/styles/logo_small/public/logos/magentodesignstudio1.jpg?itok=bUZGMk5d
Freelock LLC,Web Sites That Make Your Organization Run Better,,,,"Seattle,",WA,2 - 9,$150 - $199,206.577.0540,//static2.clutch.co/sites/default/files/styles/logo_small/public/logos/fl_logo_sm.png?itok=SwS2THXv
Treeline Interactive,Full Ecosystem Development,,,,"San Diego,",CA,10 - 49,$150 - $199,800.764.4876,//static1.clutch.co/sites/default/files/styles/logo_small/public/logos/treeline_interactive.png?itok=UnmreSnc
RailsCarma,Ruby on Rails Company,,,,"Brooklyn,",NY,50 - 249,< $25,254.207.0727,//static2.clutch.co/sites/default/files/styles/logo_small/public/logos/railscarma_-_global_rails_company.jpg?itok=QzjFjlLL
Version Industries,Cutting edge web & print design,,,,"Brooklyn,",NY,2 - 9,$100 - $149,347.294.4388,//static1.clutch.co/sites/default/files/styles/logo_small/public/logos/logo_39.png?itok=jG0tCegD
Businessware Technologies,"mobile, cloud, .net, sharepoint, developement",,,,"Austin,",TX,50 - 249,$25 - $49,+1 512-782-9977,//static1.clutch.co/sites/default/files/styles/logo_small/public/logos/logo_bwt_name.png?itok=vF0YeiA2
Certatim,Amazing web and mobile app creations,,,,"Miami Beach,",FL,10 - 49,,866.846.8730,//static1.clutch.co/sites/default/files/styles/logo_small/public/logos/1394430_629351787122577_744591186_n.png?itok=Aa0IBTKW
DeSmart,Passionate Developers working in Agile,,,Poland,"Gdynia,",,10 - 49,$50 - $99,+48 588 810 530,//static2.clutch.co/sites/default/files/styles/logo_small/public/logos/desmart.png?itok=suijK6Qd
thoughtbot,There is a better way to make software.,,,,"Boston,",MA,50 - 249,$200 - $300,877.9ROBOTS,//static1.clutch.co/sites/default/files/styles/logo_small/public/logos/red-and-black-on-white.png?itok=gKXzOXBG
Moo Digital,Development Done Right,,,,"Bethel ,",CT,10 - 49,$100 - $149,203.617.0888,
StableFlow,"Web, Mobile,  E-commerce, CMS, Cloud Solutions",,,Ukraine,"Khakov,",,10 - 49,$25 - $49,1.718.395.3674,//static2.clutch.co/sites/default/files/styles/logo_small/public/logos/logo_120.png?itok=TY7ggguS
Avtec Media Group,Credit Union Web Design,,,,"Portland,",OR,10 - 49,$50 - $99,800.614.0372,//static1.clutch.co/sites/default/files/styles/logo_small/public/logos/logo.big_.trans_.gif?itok=4VYALs9a
CSSChopper,We Code IT,,,India,"Noida,",,50 - 249,$25 - $49,91.120.473.5100,//static2.clutch.co/sites/default/files/styles/logo_small/public/logos/csschopper_0.jpg?itok=EOwxU_TT
Orient Software Development Corp.,Software with passion,,,Vietnam,"Ho Chi Minh City,",,50 - 249,$25 - $49,84.8.3812.0101,//static2.clutch.co/sites/default/files/styles/logo_small/public/logos/orient.png?itok=keeBcsAG
Izeni,"Custom Development, Done Right.",,,,"Provo,",UT,10 - 49,,801.797.0909,//static1.clutch.co/sites/default/files/styles/logo_small/public/logos/fb_profile.png?itok=bO3iy5hF
Semaphore Software,Semaphore Software - A Silver Touch Compnay,,,,"Iselin,",NJ,250 - 999,< $25,201.299.3668,//static1.clutch.co/sites/default/files/styles/logo_small/public/logos/untitled_0.jpg?itok=1kRY-_3j
648 Group,Premium Mobile and Web Applications,,,,"Irvine,",CA,10 - 49,$50 - $99,949.636.8648,//static2.clutch.co/sites/default/files/styles/logo_small/public/logos/648_fblogo.png?itok=emG8P6Wp
Azoft,Reliable software development outsourcing partner,,,,"New York,",NY,50 - 249,$50 - $99,315.633.3310,//static1.clutch.co/sites/default/files/styles/logo_small/public/logos/logo_transp.png?itok=RtdJFHJ7
GLAD WORKS,We Believe in the Possibilities.,,,,"Pawtucket,",RI,10 - 49,$150 - $199,401.724.4523,//static2.clutch.co/sites/default/files/styles/logo_small/public/logos/gworks.jpg?itok=RwANue8b
Imaginary Landscape,Professional Django Web Development,,,,"Chicago,",IL,10 - 49,$100 - $149,877.275.9144,//static2.clutch.co/sites/default/files/styles/logo_small/public/logo_0.png?itok=M8ANG93V
Ravenna,Bring your project from idea to reality,,,,"Bothell,",WA,2 - 9,,206.427.0000,
KeyLimeTie,Design | Develop | Deliver,,,,"Downers Grove,",IL,10 - 49,$100 - $149,630.598.9000,
Official Gates Technologies Private Limited,"PHP, Web Developer, Web Design, Mobile Application",,,India,"Chennai,",,50 - 249,,91.44.6461.2526,//static1.clutch.co/sites/default/files/styles/logo_small/public/logos/121146_190x0.jpg?itok=DuJu5adZ
Kuliza,We engineer exceptional digital experiences,,,India,"Bangalore,",,50 - 249,$25 - $49,9.66.389.9150,//static2.clutch.co/sites/default/files/styles/logo_small/public/logos/kuliza_logo_large.png?itok=ZrOTy-tt
Cofa Media,Creators of Functional Art & Interactive Media,,,,"Carlsbad,",CA,10 - 49,$150 - $199,877.293.0007,//static1.clutch.co/sites/default/files/styles/logo_small/public/logos/cofamed.jpg?itok=bnTCvyUU
"Integration New Media, Inc. (INM)",We build engaging digital solutions.,,,Canada,"Montreal,",,10 - 49,$100 - $149,514.871.1333,//static2.clutch.co/sites/default/files/styles/logo_small/public/logos/inm-profile_reasonably_small.jpg?itok=JZlbYBlD
CivicActions,Empowered,,,,"Berkeley,",CA,10 - 49,$150 - $199,510.408.7510,//static1.clutch.co/sites/default/files/styles/logo_small/public/logos/civact.jpg?itok=pXUaDHWi
SCHAWEL+COLES,WeCommerce,,,,"Salt Lake City,",UT,10 - 49,$100 - $149,801.363.0101,//static1.clutch.co/sites/default/files/styles/logo_small/public/logos/sc_logo_why_bg_400px.png?itok=Ar7MhWfa
August Ash,"Sit back, relax and leave the website to us.",,,,"Minneapolis,",MN,10 - 49,$100 - $149,952.851.9400,//static1.clutch.co/sites/default/files/styles/logo_small/public/logos/augusta.jpg?itok=vPZMTqiI
"Planet Media, LLC","Eco-Friendly, Digital Media Production",,,,"Denver,",CO,10 - 49,$150 - $199,303.295.1402,//static2.clutch.co/sites/default/files/styles/logo_small/public/logos/2012-pm-logo-avatar-85x85.jpg?itok=KsG0kXHT
Redwerk,"software, development, custom, outsourcing, mobile",4,1,Ukraine,,,10 - 49,$25 - $49,+380 (63) 055-7119,//static2.clutch.co/sites/default/files/styles/logo_small/public/logos/redwerk_logo_sq_3.png?itok=lxfg25lB
VISIONEFX,Powerful Websites for Predatory Markets,,,,"Virginia Beach,",VA,2 - 9,$100 - $149,757.619.6456,//static2.clutch.co/sites/default/files/styles/logo_small/public/logos/vefx.gif?itok=JRYHl9UK
Rokk Media,Rokk Media is much more than a digital agency.,,,United Kingdom,"Exeter,",,10 - 49,$150 - $199,01.392.424.300,//static1.clutch.co/sites/default/files/styles/logo_small/public/logos/rokkm.jpg?itok=mKBVMA0H
Gravity Works Design & Development,"Graphic design, websites, and mobile applications",,,,"Lansing,",MI,10 - 49,$100 - $149,517.481.2218,//static2.clutch.co/sites/default/files/styles/logo_small/public/logos/logo-9-10.jpg?itok=frN82ahv
Bacancy Technology,Think Beyond Agility,,,India,"Ahmedabad,",,50 - 249,$25 - $49,095.58 .806.022,//static1.clutch.co/sites/default/files/styles/logo_small/public/logos/logo_1_4.png?itok=r4N98dAy
Pixel Lab,"Delivers Apps that Look, Run & Feel Great.",,,,"Bellevue,",WA,2 - 9,$150 - $199,425.533.2227,//static1.clutch.co/sites/default/files/styles/logo_small/public/logos/pix.jpg?itok=OsbTUHNi
State Digital,We design and build for mobile devices and the web,,,,"Lakeway,",TX,2 - 9,$100 - $149,512.587.7590,//static1.clutch.co/sites/default/files/styles/logo_small/public/logos/state-lrg.png?itok=k_TqiJTt
Aalpha Information Systems India,The Outsourcing Company,,,India,"Hubli,",,10 - 49,< $25,91.836.4262.222/ 4251.105,//static2.clutch.co/sites/default/files/styles/logo_small/public/logos/aalpha_logo.gif?itok=_kBkCz4h
DJ Case & Associates,Conservation Through Communication,,,,"Mishawaka,",IN,10 - 49,$100 - $149,574.258.0100,//static2.clutch.co/sites/default/files/styles/logo_small/public/logos/dj_case_color_logo.png?itok=bEqxa11a
Transpacific Software,E-commerce Experts Consulting and Development,,,India,"Mumbai,",,10 - 49,< $25,022-32522901,//static2.clutch.co/sites/default/files/styles/logo_small/public/logos/logo.JPG?itok=3EtpRm52
REEA,Inspiration. Team. Reealize.,,,Romania,"Tirgu Mures,",,50 - 249,$100 - $149,40.265.264.856,//static1.clutch.co/sites/default/files/styles/logo_small/public/logos/reea.jpg?itok=4vPySp4Y
Symmetria Web Solutions Ltd,Symmetria Web is a web design & development studio,,,Greece,"Athens,",,2 - 9,$50 - $99,0030 2109230420,//static2.clutch.co/sites/default/files/styles/logo_small/public/logos/symmetrialogo2.jpg?itok=UGuhierm
Mystik Creation,Mystik Creation,,,India,"Mumbai and Pune,",,50 - 249,$100 - $149,+91-9167306581,//static2.clutch.co/sites/default/files/styles/logo_small/public/logos/logo_1.jpg?itok=e91oL0nL
Just Total Tech,Creative Mobile App development agency,,,,,,10 - 49,$50 - $99,,//static1.clutch.co/sites/default/files/styles/logo_small/public/logos/logo_96.png?itok=okhIHDNI
Elm City Web,Professional and Affordable Website Development,,,,"New Bern,",NC,2 - 9,$50 - $99,203.668.4575,
ArtDriver Web Design & SEO,Web development and SEO company,,,,"Washington,",DC,2 - 9,$50 - $99,202.657.6030,//static2.clutch.co/sites/default/files/styles/logo_small/public/art_driver_web_development_and_seo_company_logo.png?itok=MswEojBK
Authorselvi,Web Design & Development Company,,,India,"Vellore,",,10 - 49,$300+,0416.225.2071,//static2.clutch.co/sites/default/files/styles/logo_small/public/logos/logo_77.png?itok=z8C0VhVB
DESSS INC,One Company Many Services,,,,"Houston,",TX,50 - 249,$25 - $49,713.589.6496,//static1.clutch.co/sites/default/files/styles/logo_small/public/logos/desss_logo.jpg?itok=Zdf-bREs
Devbridge Group,Engineering Value,,,,"Chicago,",IL,50 - 249,$150 - $199,(312) 242-1642,//static1.clutch.co/sites/default/files/styles/logo_small/public/logos/devbridge_group.jpg?itok=ZZ4XvgSg
ForeFront Web,Get in Front!,,,,"Dublin,",OH,2 - 9,$50 - $99,614.886.4000,//static1.clutch.co/sites/default/files/styles/logo_small/public/logos/fflogo.png?itok=ne2TA68l
AM Infosystems,Your reliable IT partner,,,,,,10 - 49,$25 - $49,,//static2.clutch.co/sites/default/files/styles/logo_small/public/logos/am-logo3.jpg?itok=78ZAVbQY
Bulpros Consulting,Build on our experience,,,Bulgaria,"Sofia,",,50 - 249,,359.2.489.57.25,//static2.clutch.co/sites/default/files/styles/logo_small/public/logo_bulpros.png?itok=WnNfOrZ7
Unteleported,"Ruby on rails, iOS, IOT development.",,,Ukraine,"Kiev,",,10 - 49,$25 - $49,,//static1.clutch.co/sites/default/files/styles/logo_small/public/logos/unteleported-logo.png?itok=GvGW10S9
Alphapod,"Thinking mobile, creating experiences",,,Malaysia,"Petaling Jaya,",,10 - 49,$25 - $49,60(3)7865.3800,//static1.clutch.co/sites/default/files/styles/logo_small/public/logos/alphapod.png?itok=bFtMyWQI
Vinfotech,Passion for UI focused engineering,,,India,"Indore,",,50 - 249,,91.731.406.5257,//static2.clutch.co/sites/default/files/styles/logo_small/public/vinfotech-logo.jpg?itok=v8flffkx
"Netricks, Inc.","Fresno, California's Top Web Design Company",,,,"Fresno,",CA,Freelancer,$50 - $99,559.222.2500,//static1.clutch.co/sites/default/files/styles/logo_small/public/logos/netricks-logo-header.jpg?itok=tER0XOQ6
MyProgrammer,custom software solutions,,,,"Evergreen,",CO,10 - 49,$150 - $199,800.984.6977,//static2.clutch.co/sites/default/files/styles/logo_small/public/logos/mplogo.png?itok=Z7CQ8rO6
inspiLab,Handy crafted technical solutions for business,5,1,Vietnam,"Ho Chi Minh,",,10 - 49,$25 - $49,+84966119431,//static2.clutch.co/sites/default/files/styles/logo_small/public/logos/logo_95.png?itok=7hfFJ2rd
Left+Right,We are a full service design + development company,,,,"Moseley,",VA,10 - 49,$100 - $149,804.304.9020,//static2.clutch.co/sites/default/files/styles/logo_small/public/logos/lr-logo-500x500-trans.png?itok=ybx5EupZ
Aciron Consulting,Drive Your Business With Technology.,,,,"Cambridge,",MA,10 - 49,$150 - $199,800.779.6765,//static1.clutch.co/sites/default/files/styles/logo_small/public/logos/acircon.png?itok=1gFJwe_g
Biztech Consultancy,Integrating Business & Technology,,,India,"Ahmedabad,",,50 - 249,< $25,91.987.962.2024,//static1.clutch.co/sites/default/files/styles/logo_small/public/logos/biztech_200-150.jpg?itok=x7x75LKu
Episty,Develops amazing web and mobile apps.,,,United Kingdom,"London,",,2 - 9,$150 - $199,44 (0)20.7912.0141,//static2.clutch.co/sites/default/files/styles/logo_small/public/logos/epis.jpg?itok=t2C3OIaT
JPD Studio,Work closely with you to make sure you are happy.,,,,"New York,",NY,2 - 9,$100 - $149,212.213.1595,//static1.clutch.co/sites/default/files/styles/logo_small/public/logos/jpdstud.jpg?itok=SHcxVV9a
The Nine,We are what we build.,,,,"Tuscaloosa,",AL,10 - 49,$100 - $149,205.561.6691,//static1.clutch.co/sites/default/files/styles/logo_small/public/logos/nine_app.jpg?itok=jFUijQx-
Finoit Technologies (I) Pvt. Ltd.,"Accelerating growth, Empowering businesses",,,India,"Noida,",,50 - 249,< $25,91.120.422.9345,//static1.clutch.co/sites/default/files/styles/logo_small/public/logos/finoit-logo-small.jpg?itok=0RxFYCw5
DigiFutura,Committed to Think Digital,5,1,India,"Bangalore,",,10 - 49,$25 - $49,+91 9066248726,//static2.clutch.co/sites/default/files/styles/logo_small/public/logos/digifutura_brand_logo.jpg?itok=_Gj59ZZ-
Upstream Marketing,Website Design Houston,,,,"Houston,",TX,2 - 9,$100 - $149,832.594.5390,//static2.clutch.co/sites/default/files/styles/logo_small/public/logos/upstream_logo_with_url.jpg?itok=kFrucmhy
Albus Technologies,Engineering Business,,,India,"Bhubaneswar,",,10 - 49,,0674.2585.995,//static1.clutch.co/sites/default/files/styles/logo_small/public/logos/logo_24.png?itok=NNYYhYhL
TriPoints Consulting,Cost effective Apps with time to market advantage,,,,"Chicago,",IL,10 - 49,$50 - $99,312.725.4460,//static1.clutch.co/sites/default/files/styles/logo_small/public/logos/tripoints_consulting_logo.jpg?itok=ZQZ4mMbL
NadoCRM,NadoCRM,,,Ukraine,"Kiev,",,2 - 9,$25 - $49,,//static2.clutch.co/sites/default/files/styles/logo_small/public/logos/logo_23.png?itok=3GjeSEFC
inkpress.NET,A Team you can depend on.,,,,"Stokesdale,",NC,2 - 9,$50 - $99,336.510.8825,//static1.clutch.co/sites/default/files/styles/logo_small/public/logos/inkpresslogonet200.png?itok=9Y54qJdY
Ciklum,Danish Nearshore Develoment,,,Ukraine,"Kyiv,",,"1,000 - 9,999",$50 - $99,38.044.545.7745,//static1.clutch.co/sites/default/files/styles/logo_small/public/logos/ciklum.jpeg?itok=etSEFBIs
Datasoft Solutions,Software Development,,,Malaysia,"Kuala Lumpur,",,50 - 249,,0060163080336,//static1.clutch.co/sites/default/files/styles/logo_small/public/logos/datasoft_solutions_logo.png?itok=b76EZAml
Team Elite Group,We are partners... not reseller,,,Italy,"Biella,",,2 - 9,$50 - $99,,//static1.clutch.co/sites/default/files/styles/logo_small/public/logos/website.png?itok=o9dkFzbV
Solution-Hawk,solution of your dream,,,India,"Ahmedabad,",,10 - 49,< $25,91.94277.26620,//static1.clutch.co/sites/default/files/styles/logo_small/public/logos/solutionhawk02.png?itok=1hDmBAVk
Qualium Systems,Quality solutions for web and desktop usage,,,Ukraine,"Kharkiv,",,50 - 249,$25 - $49,3.80.57.766.0838,//static1.clutch.co/sites/default/files/styles/logo_small/public/logos/company-logo2.jpg?itok=4AJ0Cpnh
601am,Make things happen.,,,,"Denver,",CO,10 - 49,$150 - $199,303-658-9157,//static1.clutch.co/sites/default/files/styles/logo_small/public/logos/601am-stack-rgb-180x180.png?itok=MW3XL2wq
Intellias,Intelligent Nearshore Outsourcing,,,Ukraine,"Lviv,",,50 - 249,$25 - $49,380.322.32.7923,//static1.clutch.co/sites/default/files/styles/logo_small/public/logos/screen_shot_2014-08-18_at_9.02.48_am.png?itok=ZLWpnIjX
yPHPMySQl,Professional PHP MySQL Development Specialists,,,India,"Ahmedabad,",,50 - 249,< $25,,//static1.clutch.co/sites/default/files/styles/logo_small/public/logos/yphpmysql.jpg?itok=62DH6LBh
INP-Software,One click to success,,,Ukraine,"Zhitomir ,",,10 - 49,< $25,380.98.274.3656,//static1.clutch.co/sites/default/files/styles/logo_small/public/logos/logo11.png?itok=LMPYyMHl
8th Light,Software is our craft.,,,,"Libertyville,",IL,50 - 249,,877.407.4154,//static2.clutch.co/sites/default/files/styles/logo_small/public/logos/8thlight.png?itok=wufDAkDd
SmartLogic,Custom Web & Mobile Applications,,,,"Baltimore,",MD,10 - 49,$150 - $199,443.451.3001,//static1.clutch.co/sites/default/files/styles/logo_small/public/logos/smartlogic_logo_0.png?itok=XhimV6Q-
Promatics Technologies,Succeed. Don't Just Survive.,,,India,"Ludhiana,",,50 - 249,$25 - $49,91.161.282.6999,//static2.clutch.co/sites/default/files/styles/logo_small/public/logos/version3160-160.png?itok=oox9ckvp
BrickWin Consultancy Services Private Limited,Winning Future Fortune,,,India,"Noida,",,10 - 49,,9971082998,//static2.clutch.co/sites/default/files/styles/logo_small/public/logos/logo_11.png?itok=-6GRZ6Ns
Programmers of Vilnius,Python Specialists,,,Lithuania,"Vilnius,",,2 - 9,$50 - $99,370.613.12986,//static1.clutch.co/sites/default/files/styles/logo_small/public/logos/pov_logo.png?itok=24fT7JxT
Devision,Web & Mobile Development Company,,,Bulgaria,"Sofia,",,10 - 49,$25 - $49,359.2.437.22.12,//static1.clutch.co/sites/default/files/styles/logo_small/public/logos/devision-logo_0.png?itok=bdDVxxF4
CommonPlaces,A Full-Service Digital Agency,,,,"Manchester,",NH,10 - 49,$100 - $149,603.329.6760,//static2.clutch.co/sites/default/files/styles/logo_small/public/logos/commonplaces.jpeg?itok=D-v9-5YL
Risdall,Web Design | Advertising Agency | Graphic Design,,,,"New Brighton,",MN,10 - 49,$100 - $149,888-747-3255,//static1.clutch.co/sites/default/files/styles/logo_small/public/logos/risdall.jpeg?itok=mApPkzaX
Cyrus Innovation,Build a better business.™,,,,"New York,",NY,10 - 49,$150 - $199,212.647.7186,//static2.clutch.co/sites/default/files/styles/logo_small/public/logos/cyrus_innovation_logo.jpeg?itok=KyTpbvhb
Daxx Nearshore IT Staffing and Recruitments Services,Remote Fulltime Ukrainian Developers and Engineers,,,Ukraine,"Kiev,",,50 - 249,< $25,31(0) 75.302.0012,//static1.clutch.co/sites/default/files/styles/logo_small/public/logos/logo_square_nearshore.jpg?itok=9YAF7TF9
Ray Business Technologies,IT Services & Solutions,,,India,"Hyderabad,",,50 - 249,$25 - $49,+91.40.2311.8011,//static1.clutch.co/sites/default/files/styles/logo_small/public/logos/raybiztech-250x250.jpg?itok=6TusJj2m
Open Eshore,Open Source Development & Customization Solutions,,,India,"Ahmedabad,",,10 - 49,< $25,,//static1.clutch.co/sites/default/files/styles/logo_small/public/logos/openeshore_0.jpg?itok=DdUWJw2y
Variance Infotech,Grow Through Innovation,,,India,"Ahmedabad,",,10 - 49,,91.79.27910332,//static2.clutch.co/sites/default/files/styles/logo_small/public/logos/logo_1_2.png?itok=0xrg2Yk3
Vokal,Chicago Web Design Agency,,,,"Chicago,",IL,10 - 49,,,//static1.clutch.co/sites/default/files/styles/logo_small/public/logos/vokal-logo.jpg?itok=vgv9JqiV
Cromosys Technologies Pvt Ltd.,"Delivering Excellence, Righteously",,,India,"Ahmedabad,",,50 - 249,$50 - $99,+91.79.65468080,//static2.clutch.co/sites/default/files/styles/logo_small/public/logos/10636178_527228867423836_7568865242478280530_n.jpg?itok=S1RE1Bln
yMagestore,Magento Development Company India,,,India,"Ahmedabad,",,50 - 249,,+ 91-987-962-2024,//static1.clutch.co/sites/default/files/styles/logo_small/public/logos/yyath5na_400x400.jpeg?itok=Q9P3IBbN
Innovative Web Art,Best Web Design company |  Web Development company,,,India,"Mohali,",,10 - 49,,,//static2.clutch.co/sites/default/files/styles/logo_small/public/logos/innovative_web_art.jpg?itok=uIr5LnBF
User10,THE EXPERIENCE MATTERS.,,,,"Scottsdale,",AZ,2 - 9,$100 - $149,480.256.9494,//static2.clutch.co/sites/default/files/styles/logo_small/public/logos/user10.png?itok=xiITCRZ5
Farin Innovations,We don't have Clients. We have Raving Fans.,,,,"North Miami Beach,",FL,2 - 9,,800.965.4235,
USJoomlaForce,For Joomla Solution,,,,"Irving,",TX,50 - 249,,855.566.6652,//static1.clutch.co/sites/default/files/styles/logo_small/public/logos/logo_27.png?itok=0AXcs7xM
Neo e-Watch Media,Websites For Online Business Giants,,,India,"Bangalore,",,10 - 49,< $25,09844740127,//static1.clutch.co/sites/default/files/styles/logo_small/public/logos/neo-e-watch-media-logo-100-.jpg?itok=FA2UbIab
OK GROW!,Cross-Platform Digital Product Developent,,,Canada,,,2 - 9,$100 - $149,,//static2.clutch.co/sites/default/files/styles/logo_small/public/logos/just-logo.png?itok=0OpJGlOd
Handsome,Success Through User Experience,,,,"Austin,",TX,10 - 49,,512.900.1177,//static2.clutch.co/sites/default/files/styles/logo_small/public/logos/handsome.png?itok=GTtiXjgE
Mindbusy-Ecommerce Web Design Company,Magento Ecommerce Web Design Company Review,,,India,"Bangalore,",,50 - 249,< $25,8042062341,//static2.clutch.co/sites/default/files/styles/logo_small/public/logos/mindbusy_review1.png?itok=fMWP8_WZ
yWPress,WordPress Development Company India,,,India,"Ahmedabad,",,50 - 249,< $25,,//static1.clutch.co/sites/default/files/styles/logo_small/public/logos/ywpress.jpg?itok=HqB6NOoY
Rail Digital,Strategic thinking and bright ideas.,,,,"Santa Cruz ,",CA,2 - 9,,1.877.741.4899,//static2.clutch.co/sites/default/files/styles/logo_small/public/logos/raildigital.jpeg?itok=j5NoYX1d
Digital Operative,BETTER DIGITAL EXPERIENCES //,,,,"San Diego,",CA,10 - 49,$100 - $149,619.795.0630,//static2.clutch.co/sites/default/files/styles/logo_small/public/logos/digitaloperative-logo.jpg?itok=Vn_nEOJo
Lamia Oy,"We Connect Ecommerce, Brands and Disruptive Ideas.",,,Finland,"Helsinki,",,2 - 9,$50 - $99,010 324 1340,//static1.clutch.co/sites/default/files/styles/logo_small/public/logos/lamia_musta_logo_cmyk_-01.png?itok=AoI1cquK
IT House,Your Strategic Partner,,,Latvia,"Riga,",,10 - 49,$50 - $99,371.20028049,//static1.clutch.co/sites/default/files/styles/logo_small/public/logos/it_house.png?itok=1PE2bHBw
The Jed Mahonis Group,Mobile Application Development,,,,"Minneapolis,",MN,2 - 9,,952.649.1914,//static1.clutch.co/sites/default/files/styles/logo_small/public/logos/logo-square.jpg?itok=5z9nXmPS
Out Of Box,Providing efficient and reliable mobile apps.,,,United Kingdom,"Manchester,",,10 - 49,,07809618578,//static2.clutch.co/sites/default/files/styles/logo_small/public/logos/58316_148436461861806_148433358528783_214742_5071559_n.jpg?itok=0jRtkiD5
"IowaComputerGurus, Inc.",Your Quality Consulting Partner,,,,"West Des Moines,",IA,2 - 9,$100 - $149,515.270.7063,//static1.clutch.co/sites/default/files/styles/logo_small/public/logos/iowacomputergurus.jpg?itok=d-2uu4lj
Klika-Tech,"php, java, scala, web, html5, css3,",,,Belarus,"Minsk,",,2 - 9,,375.29.552.68.52,//static1.clutch.co/sites/default/files/styles/logo_small/public/logos/klika-logo-with-label.png?itok=AeVvZuOk
Vibrantz,"What you need, when you need it",,,India,"Kalyani,",,10 - 49,,8981678483,//static2.clutch.co/sites/default/files/styles/logo_small/public/logos/vibrantz.jpg?itok=COocO4c5
Srishti Innovative,Quality Beyond Contract,,,India,"Trivandrum,",,50 - 249,$50 - $99,91.471.302.2217,//static1.clutch.co/sites/default/files/styles/logo_small/public/logos/new_2_0.png?itok=iSE-0cOK
Intelliwins,Best Solution At Best Price,,,India,"Bhubaneswar,",,2 - 9,,91.94.384 80191,//static2.clutch.co/sites/default/files/styles/logo_small/public/logos/intelliwins_logo.png?itok=nwvNIdZb
TechMagic,Development Studio for Start-ups,,,Ukraine,"Lviv,",,10 - 49,$25 - $49,+1-541-754-3010,//static2.clutch.co/sites/default/files/styles/logo_small/public/logos/bird.png?itok=QuSubPBk
